instance_id,db_id,bucket,parses,all_known,executable,execution_match,unknown_tables_n,unknown_columns_n,has_join,has_groupby,has_subquery,lm_calls,latency_ms,completion_tokens,bytes_billed,pred_table_refs_n,pred_datasets_n,pred_first_dataset,gen_sql_chars,final_source,error_type,error_message_short
bq011,ga4,exec_ok_but_rows_mismatch,True,True,True,False,0,0,False,False,True,7,58568.51,758,41943040,2,1,bigquery-public-data.ga4_obfuscated_sample_ecommerce,404,C0_anchor,,
bq010,ga360,syntax_error,True,False,False,False,3,1,True,True,True,5,79004.32,1268,0,1,1,bigquery-public-data.google_analytics_sample,1005,C0_anchor,BadRequest,"400 POST https://bigquery.googleapis.com/bigquery/v2/projects/project-0e0fc8a5-27b1-4e00-912/jobs?prettyPrint=false: Syntax error: Expected "")"" but got ""*"" at ["
bq009,ga360,syntax_error,True,False,False,False,3,3,True,True,False,4,54296.05,878,0,1,1,bigquery-public-data.google_analytics_sample,725,C0_anchor,BadRequest,"400 POST https://bigquery.googleapis.com/bigquery/v2/projects/project-0e0fc8a5-27b1-4e00-912/jobs?prettyPrint=false: Syntax error: Expected "")"" but got ""*"" at ["
bq001,ga360,function_signature,True,False,False,False,3,1,True,True,False,5,66848.01,1076,0,1,1,bigquery-public-data.google_analytics_sample,834,C0_anchor,BadRequest,400 POST https://bigquery.googleapis.com/bigquery/v2/projects/project-0e0fc8a5-27b1-4e00-912/jobs?prettyPrint=false: Function not found: DATEDIFF; Did you mean 
bq002,ga360,function_signature,True,False,False,False,2,6,False,True,False,4,77319.38,1257,0,1,1,bigquery-public-data.google_analytics_sample,988,C0_anchor,BadRequest,400 POST https://bigquery.googleapis.com/bigquery/v2/projects/project-0e0fc8a5-27b1-4e00-912/jobs?prettyPrint=false: No matching signature for function DATE_TRU
bq003,ga360,syntax_error,True,False,False,False,1,2,False,True,False,5,56297.63,904,0,1,1,bigquery-public-data.google_analytics_sample,477,C0_anchor,BadRequest,400 POST https://bigquery.googleapis.com/bigquery/v2/projects/project-0e0fc8a5-27b1-4e00-912/jobs?prettyPrint=false: Syntax error: Expected end of input but got
bq004,ga360,syntax_error,True,False,False,False,1,2,True,True,False,5,40257.34,639,0,1,1,bigquery-public-data.google_analytics_sample,401,C0_anchor,BadRequest,400 POST https://bigquery.googleapis.com/bigquery/v2/projects/project-0e0fc8a5-27b1-4e00-912/jobs?prettyPrint=false: Syntax error: Expected end of input but got
bq008,ga360,other_bad_request,True,False,False,False,3,5,True,True,False,1,23891.72,379,0,1,1,bigquery-public-data.google_analytics_sample,1292,C0_anchor,BadRequest,400 POST https://bigquery.googleapis.com/bigquery/v2/projects/project-0e0fc8a5-27b1-4e00-912/jobs?prettyPrint=false: Values referenced in UNNEST must be arrays.
bq269,ga360,unrecognized_column,True,False,False,False,2,7,False,True,False,1,16249.95,262,0,1,1,bigquery-public-data.google_analytics_sample,937,C0_anchor,BadRequest,"400 POST https://bigquery.googleapis.com/bigquery/v2/projects/project-0e0fc8a5-27b1-4e00-912/jobs?prettyPrint=false: Unrecognized name: pageviews at [11:9]

Loc"
bq268,ga360,function_signature,True,False,False,False,3,4,False,True,False,1,11301.93,181,0,1,1,bigquery-public-data.google_analytics_sample,687,C0_anchor,BadRequest,400 POST https://bigquery.googleapis.com/bigquery/v2/projects/project-0e0fc8a5-27b1-4e00-912/jobs?prettyPrint=false: No matching signature for function DATE_DIF
bq270,ga360,function_signature,True,False,False,False,3,0,True,False,False,1,27191.82,443,0,4,3,bigquery-public-data.google_analytics_sample,1449,C0_anchor,BadRequest,400 POST https://bigquery.googleapis.com/bigquery/v2/projects/project-0e0fc8a5-27b1-4e00-912/jobs?prettyPrint=false: No matching signature for function DATE_TRU
bq275,ga360,exec_ok_but_rows_mismatch,True,False,True,False,3,0,True,True,False,1,15916.64,258,10485760,1,1,bigquery-public-data.google_analytics_sample,866,C0_anchor,,
bq374,ga360,other_bad_request,True,False,False,False,3,0,True,False,True,1,20745.83,337,0,2,2,bigquery-public-data.google_analytics_sample,1059,C0_anchor,BadRequest,"400 POST https://bigquery.googleapis.com/bigquery/v2/projects/project-0e0fc8a5-27b1-4e00-912/jobs?prettyPrint=false: Table ""SubsequentPurchases"" must be qualifi"
bq019,cms_data,aggregation_error,True,False,False,False,2,1,False,True,True,1,11799.25,190,0,1,1,bigquery-public-data.cms_medicare,670,C0_anchor,BadRequest,400 POST https://bigquery.googleapis.com/bigquery/v2/projects/project-0e0fc8a5-27b1-4e00-912/jobs?prettyPrint=false: ORDER BY clause expression references colum
bq234,cms_data,table_or_dataset_not_found,True,False,False,False,1,2,False,True,False,1,4559.18,70,0,1,1,bigquery-public-data.cms_medicare,217,C0_anchor,NotFound,404 POST https://bigquery.googleapis.com/bigquery/v2/projects/project-0e0fc8a5-27b1-4e00-912/jobs?prettyPrint=false: Not found: Table bigquery-public-data:cms_m
bq235,cms_data,function_signature,True,False,False,False,0,1,True,False,False,1,7966.2,127,0,3,2,bigquery-public-data.cms_medicare,462,C0_anchor,BadRequest,400 POST https://bigquery.googleapis.com/bigquery/v2/projects/project-0e0fc8a5-27b1-4e00-912/jobs?prettyPrint=false: No matching signature for operator = for ar
bq172,cms_data,other_bad_request,True,False,False,False,1,2,False,True,False,1,5548.71,86,0,1,1,cms_data.claims,255,C0_anchor,BadRequest,400 POST https://bigquery.googleapis.com/bigquery/v2/projects/project-0e0fc8a5-27b1-4e00-912/jobs?prettyPrint=false: Invalid project ID 'cms_data'. Project IDs 
bq177,cms_data,other_bad_request,True,False,False,False,4,6,True,True,True,1,19546.06,318,0,2,1,bigquery-public-data.cms_medicare,1169,C0_anchor,BadRequest,400 POST https://bigquery.googleapis.com/bigquery/v2/projects/project-0e0fc8a5-27b1-4e00-912/jobs?prettyPrint=false: Column name provider_id is ambiguous at [13
bq354,cms_data,table_or_dataset_not_found,True,False,False,False,3,4,True,True,False,1,13581.17,219,0,2,2,bigquery-public-data.cms_codes,761,C0_anchor,NotFound,404 POST https://bigquery.googleapis.com/bigquery/v2/projects/project-0e0fc8a5-27b1-4e00-912/jobs?prettyPrint=false: Not found: Dataset project-0e0fc8a5-27b1-4e
bq355,cms_data,table_or_dataset_not_found,True,False,False,False,1,2,False,False,False,1,4104.4,63,0,0,0,,182,C0_anchor,NotFound,404 POST https://bigquery.googleapis.com/bigquery/v2/projects/project-0e0fc8a5-27b1-4e00-912/jobs?prettyPrint=false: Not found: Dataset project-0e0fc8a5-27b1-4e
bq032,noaa_data,unrecognized_column,True,False,False,False,0,6,False,False,True,1,6346.71,98,0,1,1,bigquery-public-data.noaa_gsod,303,C0_anchor,BadRequest,"400 POST https://bigquery.googleapis.com/bigquery/v2/projects/project-0e0fc8a5-27b1-4e00-912/jobs?prettyPrint=false: Unrecognized name: longitude1 at [3:27]

Lo"
bq119,noaa_data,exec_ok_but_rows_mismatch,True,False,True,False,1,1,False,True,False,1,6723.51,104,144703488,1,1,bigquery-public-data.noaa_gsod,312,C0_anchor,,
bq419,noaa_data,bytes_billed_exceeded,True,False,False,False,3,3,False,True,False,1,10684.25,170,0,1,1,bigquery-public-data.noaa_gsod,497,C0_anchor,BadRequest,400 GET https://bigquery.googleapis.com/bigquery/v2/projects/project-0e0fc8a5-27b1-4e00-912/queries/5699e78b-a1a1-45b1-8f27-77f74c8dbb84?maxResults=200&formatOp
bq356,noaa_data,exec_ok_but_rows_mismatch,True,False,True,False,4,0,True,True,True,1,19654.19,317,10485760,1,1,bigquery-public-data.noaa_gsod,916,C0_anchor,,
bq042,noaa_data,function_signature,True,False,False,False,8,0,False,False,False,1,49036.78,800,0,8,1,bigquery-public-data.noaa_gsod,2239,C0_anchor,BadRequest,400 POST https://bigquery.googleapis.com/bigquery/v2/projects/project-0e0fc8a5-27b1-4e00-912/jobs?prettyPrint=false: No matching signature for aggregate functio
bq394,noaa_data,other_bad_request,True,False,False,False,2,6,True,True,False,1,21225.95,344,0,6,1,bigquery-public-data.noaa_gsod,952,C0_anchor,BadRequest,"400 POST https://bigquery.googleapis.com/bigquery/v2/projects/project-0e0fc8a5-27b1-4e00-912/jobs?prettyPrint=false: Column name year is ambiguous at [17:5]

Lo"
bq357,noaa_data,permission_denied,True,False,False,False,1,5,False,True,False,1,7090.05,111,0,1,1,bigquery-public-data.icoads_core,272,C0_anchor,Forbidden,403 POST https://bigquery.googleapis.com/bigquery/v2/projects/project-0e0fc8a5-27b1-4e00-912/jobs?prettyPrint=false: Access Denied: Table bigquery-public-data:i
bq181,noaa_data,exec_ok_but_rows_mismatch,True,False,True,False,4,2,True,True,False,1,20092.04,325,160432128,1,1,bigquery-public-data.noaa_gsod,883,C0_anchor,,
bq045,noaa_data,other_bad_request,True,False,False,False,4,1,True,True,True,1,17663.51,285,0,2,1,bigquery-public-data.noaa_gsod,724,C0_anchor,BadRequest,"400 POST https://bigquery.googleapis.com/bigquery/v2/projects/project-0e0fc8a5-27b1-4e00-912/jobs?prettyPrint=false: Column name prcp is ambiguous at [9:6]

Loc"
bq290,noaa_data,syntax_error,False,False,False,False,0,0,False,False,False,1,49026.99,800,0,5,1,bigquery-public-data.noaa_gsod,2340,C0_anchor,BadRequest,"400 POST https://bigquery.googleapis.com/bigquery/v2/projects/project-0e0fc8a5-27b1-4e00-912/jobs?prettyPrint=false: Syntax error: Expected "")"" but got end of s"
bq031,noaa_data,syntax_error,False,False,False,False,0,0,False,False,False,1,49136.74,800,0,1,1,bigquery-public-data.noaa_gsod,2309,C0_anchor,BadRequest,"400 POST https://bigquery.googleapis.com/bigquery/v2/projects/project-0e0fc8a5-27b1-4e00-912/jobs?prettyPrint=false: Syntax error: Expected "")"" but got end of s"
bq392,noaa_gsod,exec_ok_but_rows_mismatch,True,False,True,False,1,2,False,True,False,1,5499.9,85,109051904,1,1,bigquery-public-data.noaa_gsod,210,C0_anchor,,
bq208,new_york_noaa,table_or_dataset_not_found,True,False,False,False,1,0,False,False,False,1,8957.09,142,0,1,1,bigquery-public-data.new_york,334,C0_anchor,NotFound,404 POST https://bigquery.googleapis.com/bigquery/v2/projects/project-0e0fc8a5-27b1-4e00-912/jobs?prettyPrint=false: Not found: Table bigquery-public-data:new_y
bq047,new_york_noaa,syntax_error,False,False,False,False,0,0,False,False,False,1,49104.87,800,0,14,2,bigquery-public-data.new_york,2488,C0_anchor,BadRequest,400 POST https://bigquery.googleapis.com/bigquery/v2/projects/project-0e0fc8a5-27b1-4e00-912/jobs?prettyPrint=false: Syntax error: Unclosed identifier literal a
bq048,new_york_noaa,table_or_dataset_not_found,True,False,False,False,5,5,True,True,False,1,23477.12,383,0,1,1,bigquery-public-data.new_york,1260,C0_anchor,NotFound,404 POST https://bigquery.googleapis.com/bigquery/v2/projects/project-0e0fc8a5-27b1-4e00-912/jobs?prettyPrint=false: Not found: Table bigquery-public-data:new_y
bq293,new_york_geo,syntax_error,False,False,False,False,0,0,False,False,False,1,49155.46,800,0,2,2,bigquery-public-data.geo_us_boundaries,2874,C0_anchor,BadRequest,400 POST https://bigquery.googleapis.com/bigquery/v2/projects/project-0e0fc8a5-27b1-4e00-912/jobs?prettyPrint=false: Syntax error: Unexpected end of script at [
bq034,ghcn_d,table_or_dataset_not_found,True,False,False,False,1,3,False,False,False,1,4566.11,73,0,1,1,bigquery-public-data.ghcn_d,169,C0_anchor,NotFound,404 POST https://bigquery.googleapis.com/bigquery/v2/projects/project-0e0fc8a5-27b1-4e00-912/jobs?prettyPrint=false: Not found: Table bigquery-public-data:ghcn_
bq383,ghcn_d,other_bad_request,True,False,False,False,0,1,True,True,False,1,20640.62,338,0,8,1,bigquery-public-data.ghcn_d,880,C0_anchor,BadRequest,"400 POST https://bigquery.googleapis.com/bigquery/v2/projects/project-0e0fc8a5-27b1-4e00-912/jobs?prettyPrint=false: Column name id is ambiguous at [16:3]

Loca"
bq051,new_york_ghcn,permission_denied,True,False,False,,6,4,True,True,False,1,31824.77,522,0,10,3,bigquery-public-data.geo,1483,C0_anchor,Forbidden,403 POST https://bigquery.googleapis.com/bigquery/v2/projects/project-0e0fc8a5-27b1-4e00-912/jobs?prettyPrint=false: Access Denied: Table bigquery-public-data:g
bq038,new_york,function_signature,True,False,False,False,2,1,True,True,False,1,16338.78,265,0,2,1,bigquery-public-data.new_york,863,C0_anchor,BadRequest,400 POST https://bigquery.googleapis.com/bigquery/v2/projects/project-0e0fc8a5-27b1-4e00-912/jobs?prettyPrint=false: No matching signature for operator = for ar
bq053,new_york,other_bad_request,True,True,False,False,0,0,True,True,True,1,13350.95,215,0,0,0,,695,C0_anchor,BadRequest,"400 POST https://bigquery.googleapis.com/bigquery/v2/projects/project-0e0fc8a5-27b1-4e00-912/jobs?prettyPrint=false: Table ""tree_census_1995"" must be qualified "
bq054,new_york,aggregation_error,True,False,False,False,0,1,False,True,False,1,9528.25,152,0,1,1,bigquery-public-data.new_york,475,C0_anchor,BadRequest,400 POST https://bigquery.googleapis.com/bigquery/v2/projects/project-0e0fc8a5-27b1-4e00-912/jobs?prettyPrint=false: Multi-level aggregation requires the enclos
bq021,new_york,other:InternalServerError,True,False,False,False,2,0,True,True,False,1,13689.65,221,0,2,1,bigquery-public-data.new_york,737,C0_anchor,InternalServerError,"500 Query exceeded limit for bytes billed: 1000000000. 5289017344 or higher required.; reason: bytesBilledLimitExceeded, message: Query exceeded limit for bytes"
bq202,new_york_plus,exec_ok_but_rows_mismatch,True,False,True,False,0,3,False,True,False,1,7335.45,117,425721856,1,1,bigquery-public-data.new_york_citibike,326,C0_anchor,,
bq185,new_york_plus,function_signature,True,False,False,False,0,1,False,False,True,1,10660.84,171,0,2,1,bigquery-public-data.new_york_taxi_trips,572,C0_anchor,BadRequest,400 POST https://bigquery.googleapis.com/bigquery/v2/projects/project-0e0fc8a5-27b1-4e00-912/jobs?prettyPrint=false: Function not found: DATEDIFF; Did you mean 
bq040,new_york_plus,unrecognized_column,True,False,False,False,2,5,False,True,False,1,26828.06,434,0,1,1,bigquery-public-data.new_york_taxi_trips,1316,C0_anchor,BadRequest,"400 POST https://bigquery.googleapis.com/bigquery/v2/projects/project-0e0fc8a5-27b1-4e00-912/jobs?prettyPrint=false: Unrecognized name: pickup_borough at [9:9]
"
bq098,new_york_plus,other:InternalServerError,True,True,False,False,0,0,True,True,True,1,17916.39,289,0,2,1,bigquery-public-data.new_york_taxi_trips,841,C0_anchor,InternalServerError,"500 Query exceeded limit for bytes billed: 1000000000. 16366174208 or higher required.; reason: bytesBilledLimitExceeded, message: Query exceeded limit for byte"
bq039,new_york_plus,other_bad_request,True,True,False,False,0,0,True,False,False,1,24964.94,407,0,2,1,bigquery-public-data.new_york_taxi_trips,1135,C0_anchor,BadRequest,400 POST https://bigquery.googleapis.com/bigquery/v2/projects/project-0e0fc8a5-27b1-4e00-912/jobs?prettyPrint=false: Name pickup_zone not found inside tzg at [2
bq203,new_york_plus,exec_ok_but_rows_mismatch,True,False,True,False,2,3,False,True,False,1,10700.75,172,10485760,1,1,bigquery-public-data.new_york_subway,685,C0_anchor,,
bq035,san_francisco,exec_ok_but_rows_mismatch,True,True,True,False,0,0,True,True,False,1,6071.54,96,20971520,2,1,bigquery-public-data.san_francisco,294,C0_anchor,,
bq186,san_francisco,exec_ok_but_rows_mismatch,True,False,True,False,0,1,False,True,False,1,8043.65,128,16777216,1,1,bigquery-public-data.san_francisco,411,C0_anchor,,
bq081,san_francisco_plus,function_signature,True,True,False,False,0,0,True,False,False,1,10060.85,162,0,3,1,bigquery-public-data.san_francisco_bikeshare,502,C0_anchor,BadRequest,400 POST https://bigquery.googleapis.com/bigquery/v2/projects/project-0e0fc8a5-27b1-4e00-912/jobs?prettyPrint=false: No matching signature for operator = for ar
bq339,san_francisco_plus,exec_ok_but_rows_mismatch,True,False,True,False,0,2,False,True,False,1,8849.79,141,48234496,1,1,bigquery-public-data.san_francisco_bikeshare,417,C0_anchor,,
bq400,san_francisco_plus,function_signature,True,True,False,False,0,0,True,True,False,1,12744.8,205,0,3,1,bigquery-public-data.san_francisco_transit_muni,632,C0_anchor,BadRequest,400 POST https://bigquery.googleapis.com/bigquery/v2/projects/project-0e0fc8a5-27b1-4e00-912/jobs?prettyPrint=false: No matching signature for operator = for ar
bq059,san_francisco_plus,unrecognized_column,True,False,False,False,0,3,False,False,True,1,6142.0,97,0,1,1,bigquery-public-data.san_francisco_bikeshare,282,C0_anchor,BadRequest,"400 POST https://bigquery.googleapis.com/bigquery/v2/projects/project-0e0fc8a5-27b1-4e00-912/jobs?prettyPrint=false: Unrecognized name: TRIP_DISTANCE at [9:5]

"
bq376,san_francisco_plus,unrecognized_column,True,True,False,False,0,0,True,True,False,1,11230.32,181,0,2,2,bigquery-public-data.san_francisco_bikeshare,603,C0_anchor,BadRequest,"400 POST https://bigquery.googleapis.com/bigquery/v2/projects/project-0e0fc8a5-27b1-4e00-912/jobs?prettyPrint=false: Name name not found inside b at [2:5]

Loca"
bq025,census_bureau_international,other_bad_request,True,False,False,False,0,1,True,True,False,1,21588.47,350,0,2,1,bigquery-public-data.census_bureau_international,1171,C0_anchor,BadRequest,400 POST https://bigquery.googleapis.com/bigquery/v2/projects/project-0e0fc8a5-27b1-4e00-912/jobs?prettyPrint=false: Name midyear_population not found inside m 
bq115,census_bureau_international,other_bad_request,True,False,False,False,0,1,True,True,False,1,13277.61,213,0,2,1,bigquery-public-data.census_bureau_international,718,C0_anchor,BadRequest,400 POST https://bigquery.googleapis.com/bigquery/v2/projects/project-0e0fc8a5-27b1-4e00-912/jobs?prettyPrint=false: Name midyear_population not found inside m 
bq030,covid19_open_data,exec_ok_but_rows_mismatch,True,False,True,False,0,1,False,False,False,1,6422.8,100,0,1,1,bigquery-public-data.covid19_open_data,293,C0_anchor,,
bq018,covid19_open_data,exec_ok_but_rows_mismatch,True,False,True,False,0,1,False,True,False,1,7138.67,112,0,1,1,bigquery-public-data.covid19_open_data,306,C0_anchor,,
bq086,covid19_open_world_bank,permission_denied,True,True,False,False,0,0,True,False,False,1,6518.65,102,0,2,2,bigquery-public-data.covid19_open_data,317,C0_anchor,Forbidden,403 POST https://bigquery.googleapis.com/bigquery/v2/projects/project-0e0fc8a5-27b1-4e00-912/jobs?prettyPrint=false: Access Denied: Table bigquery-public-data:w
bq085,covid19_jhu_world_bank,permission_denied,True,False,False,False,1,0,True,True,False,1,11746.94,181,0,2,2,bigquery-public-data.covid19_jhu_csse,543,C0_anchor,Forbidden,403 POST https://bigquery.googleapis.com/bigquery/v2/projects/project-0e0fc8a5-27b1-4e00-912/jobs?prettyPrint=false: Access Denied: Table bigquery-public-data:w
bq130,covid19_nyt,other_bad_request,True,False,False,False,2,4,True,True,True,1,29388.55,484,0,1,1,bigquery-public-data.covid19_nyt,1318,C0_anchor,BadRequest,"400 POST https://bigquery.googleapis.com/bigquery/v2/projects/project-0e0fc8a5-27b1-4e00-912/jobs?prettyPrint=false: Table ""us_counties"" must be qualified with "
bq087,covid19_symptom_search,function_signature,True,False,False,False,1,2,False,True,False,1,17434.71,283,0,1,1,bigquery-public-data.covid19_symptom_search,734,C0_anchor,BadRequest,400 POST https://bigquery.googleapis.com/bigquery/v2/projects/project-0e0fc8a5-27b1-4e00-912/jobs?prettyPrint=false: No matching signature for function DATE_TRU
bq088,covid19_symptom_search,function_signature,True,False,False,False,3,7,False,True,True,1,28292.51,462,0,1,1,bigquery-public-data.covid19_symptom_search,1215,C0_anchor,BadRequest,400 POST https://bigquery.googleapis.com/bigquery/v2/projects/project-0e0fc8a5-27b1-4e00-912/jobs?prettyPrint=false: No matching signature for function DATE_TRU
bq089,covid19_usa,unrecognized_column,True,False,False,False,1,2,False,False,False,1,4721.74,71,0,1,1,bigquery-public-data.census_bureau_acs,177,C0_anchor,BadRequest,"400 POST https://bigquery.googleapis.com/bigquery/v2/projects/project-0e0fc8a5-27b1-4e00-912/jobs?prettyPrint=false: Unrecognized name: State at [6:3]

Location"
bq407,covid19_usa,table_or_dataset_not_found,True,False,False,False,2,0,True,False,False,1,17274.05,276,0,3,2,bigquery-public-data.census_bureau_acs,664,C0_anchor,NotFound,404 POST https://bigquery.googleapis.com/bigquery/v2/projects/project-0e0fc8a5-27b1-4e00-912/jobs?prettyPrint=false: Not found: Table bigquery-public-data:usa_n
bq137,census_bureau_usa,function_signature,True,True,False,False,0,0,True,True,False,1,11750.86,189,0,2,2,bigquery-public-data.census_bureau_usa,586,C0_anchor,BadRequest,"400 POST https://bigquery.googleapis.com/bigquery/v2/projects/project-0e0fc8a5-27b1-4e00-912/jobs?prettyPrint=false: Function not found: GEOGRAPHY at [16:16]

L"
bq060,census_bureau_international,EX_MATCH,True,True,True,True,0,0,True,False,False,1,6532.68,102,0,2,1,bigquery-public-data.census_bureau_international,353,C0_anchor,,
bq338,census_bureau_acs_1,table_or_dataset_not_found,True,False,False,False,1,9,False,True,True,1,17906.27,287,0,1,1,bigquery-public-data.census_bureau_acs,790,C0_anchor,NotFound,404 POST https://bigquery.googleapis.com/bigquery/v2/projects/project-0e0fc8a5-27b1-4e00-912/jobs?prettyPrint=false: Not found: Table bigquery-public-data:censu
bq061,census_bureau_acs_1,unrecognized_column,True,False,False,False,0,1,False,False,False,1,3286.26,47,0,1,1,bigquery-public-data.census_bureau_acs,140,C0_anchor,BadRequest,"400 POST https://bigquery.googleapis.com/bigquery/v2/projects/project-0e0fc8a5-27b1-4e00-912/jobs?prettyPrint=false: Unrecognized name: state at [3:7]

Location"
bq064,census_bureau_acs_1,permission_denied,True,False,False,False,4,1,True,True,False,1,17390.61,276,0,4,2,bigquery-public-data.geo_usa,851,C0_anchor,Forbidden,403 POST https://bigquery.googleapis.com/bigquery/v2/projects/project-0e0fc8a5-27b1-4e00-912/jobs?prettyPrint=false: Access Denied: Table bigquery-public-data:g
bq461,ncaa_basketball,other_bad_request,True,True,False,False,0,0,True,False,False,1,9303.3,148,0,1,1,bigquery-public-data.ncaa_basketball,452,C0_anchor,BadRequest,400 POST https://bigquery.googleapis.com/bigquery/v2/projects/project-0e0fc8a5-27b1-4e00-912/jobs?prettyPrint=false: Name scoreboard_events not found inside g a
bq198,ncaa_basketball,exec_ok_but_rows_mismatch,True,False,True,False,0,1,False,True,True,1,8707.87,139,10485760,1,1,bigquery-public-data.ncaa_basketball,429,C0_anchor,,
bq462,ncaa_basketball,other_bad_request,True,False,False,False,4,1,False,False,False,1,26378.25,428,0,1,1,bigquery-public-data.ncaa_basketball,1458,C0_anchor,BadRequest,400 POST https://bigquery.googleapis.com/bigquery/v2/projects/project-0e0fc8a5-27b1-4e00-912/jobs?prettyPrint=false: Column 4 in UNION ALL has incompatible type
bq427,ncaa_basketball,unrecognized_column,True,False,False,False,0,3,False,True,False,1,12210.7,194,0,1,1,bigquery-public-data.ncaa_basketball,618,C0_anchor,BadRequest,"400 POST https://bigquery.googleapis.com/bigquery/v2/projects/project-0e0fc8a5-27b1-4e00-912/jobs?prettyPrint=false: Unrecognized name: shot_type at [15:7]

Loc"
bq428,ncaa_basketball,other_bad_request,True,True,False,False,0,0,True,True,False,1,15104.01,242,0,2,1,bigquery-public-data.ncaa_basketball,699,C0_anchor,BadRequest,"400 POST https://bigquery.googleapis.com/bigquery/v2/projects/project-0e0fc8a5-27b1-4e00-912/jobs?prettyPrint=false: Name round not found inside g at [5:7]

Loc"
bq144,ncaa_insights,syntax_error,True,False,False,False,2,2,True,False,False,1,29213.1,473,0,3,1,data-to-insights.ncaa,1620,C0_anchor,BadRequest,400 POST https://bigquery.googleapis.com/bigquery/v2/projects/project-0e0fc8a5-27b1-4e00-912/jobs?prettyPrint=false: Syntax error: Unexpected keyword TO at [18:
bq113,bls,other_bad_request,True,False,False,False,1,1,True,True,True,1,16272.26,261,0,0,0,,639,C0_anchor,BadRequest,"400 POST https://bigquery.googleapis.com/bigquery/v2/projects/project-0e0fc8a5-27b1-4e00-912/jobs?prettyPrint=false: Name year not found inside t1 at [16:8]

Lo"
bq112,bls,other_bad_request,True,True,False,False,0,0,True,False,False,1,13391.34,214,0,1,1,bigquery-public-data.bls,543,C0_anchor,BadRequest,"400 POST https://bigquery.googleapis.com/bigquery/v2/projects/project-0e0fc8a5-27b1-4e00-912/jobs?prettyPrint=false: Name year not found inside e at [9:43]

Loc"
bq055,google_dei,unrecognized_column,True,False,False,False,0,3,False,True,True,1,34218.04,561,0,1,1,bigquery-public-data.bls,2334,C0_anchor,BadRequest,"400 POST https://bigquery.googleapis.com/bigquery/v2/projects/project-0e0fc8a5-27b1-4e00-912/jobs?prettyPrint=false: Unrecognized name: percent_white at [7:32]
"
bq075,google_dei,unrecognized_column,True,False,False,False,0,1,True,False,False,1,14280.98,232,0,3,1,bigquery-public-data.bls,805,C0_anchor,BadRequest,400 POST https://bigquery.googleapis.com/bigquery/v2/projects/project-0e0fc8a5-27b1-4e00-912/jobs?prettyPrint=false: Name area_name not found inside wm at [20:5
bq406,google_dei,unrecognized_column,True,False,False,False,1,5,False,True,True,1,12660.67,202,0,1,1,bigquery-public-data.usa_names,611,C0_anchor,BadRequest,400 POST https://bigquery.googleapis.com/bigquery/v2/projects/project-0e0fc8a5-27b1-4e00-912/jobs?prettyPrint=false: Unrecognized name: race_ethnicity at [16:7]
bq022,chicago,aggregation_error,True,True,False,False,0,0,False,False,False,1,6741.69,110,0,1,1,bigquery-public-data.chicago_taxi_trips,326,C0_anchor,BadRequest,400 POST https://bigquery.googleapis.com/bigquery/v2/projects/project-0e0fc8a5-27b1-4e00-912/jobs?prettyPrint=false: Window ORDER BY expression references colum
bq362,chicago,other:InternalServerError,True,False,False,False,2,3,False,True,False,1,11188.8,184,0,1,1,bigquery-public-data.chicago_taxi_trips,644,C0_anchor,InternalServerError,"500 Query exceeded limit for bytes billed: 1000000000. 6283067392 or higher required.; reason: bytesBilledLimitExceeded, message: Query exceeded limit for bytes"
bq363,chicago,function_signature,True,False,False,False,0,1,False,True,False,1,6882.08,112,0,1,1,bigquery-public-data.chicago_taxi_trips,301,C0_anchor,BadRequest,"400 POST https://bigquery.googleapis.com/bigquery/v2/projects/project-0e0fc8a5-27b1-4e00-912/jobs?prettyPrint=false: No matching signature for function LPAD
  A"
bq076,chicago,aggregation_error,True,True,False,False,0,0,False,True,False,1,3716.95,60,0,1,1,bigquery-public-data.chicago_crime,186,C0_anchor,BadRequest,400 POST https://bigquery.googleapis.com/bigquery/v2/projects/project-0e0fc8a5-27b1-4e00-912/jobs?prettyPrint=false: Multi-level aggregation requires the enclos
bq077,chicago,exec_ok_but_rows_mismatch,True,False,True,False,0,1,False,True,False,1,6553.9,107,240123904,1,1,bigquery-public-data.chicago_crime,304,C0_anchor,,
bq109,open_targets_genetics_1,permission_denied,True,False,False,False,0,3,False,False,True,1,14848.33,239,0,1,1,open-targets-genetics.genetics,593,C0_anchor,Forbidden,403 POST https://bigquery.googleapis.com/bigquery/v2/projects/project-0e0fc8a5-27b1-4e00-912/jobs?prettyPrint=false: Access Denied: Table open-targets-genetics:
bq090,CYMBAL_INVESTMENTS,function_signature,True,True,False,False,0,0,True,False,False,1,10721.04,177,0,1,1,bigquery-public-data.cymbal_investments,506,C0_anchor,BadRequest,"400 POST https://bigquery.googleapis.com/bigquery/v2/projects/project-0e0fc8a5-27b1-4e00-912/jobs?prettyPrint=false: No matching signature for operator -
  Argu"
bq442,CYMBAL_INVESTMENTS,exec_ok_but_rows_mismatch,True,True,True,False,0,0,False,False,False,1,8332.67,136,97517568,1,1,bigquery-public-data.cymbal_investments,424,C0_anchor,,
bq079,usfs_fia,table_or_dataset_not_found,True,False,False,False,4,2,True,True,True,1,40527.67,662,0,2,1,bigquery-public-data.usfs_fia,2396,C0_anchor,NotFound,404 POST https://bigquery.googleapis.com/bigquery/v2/projects/project-0e0fc8a5-27b1-4e00-912/jobs?prettyPrint=false: Not found: Table bigquery-public-data:usfs_
bq024,usfs_fia,table_or_dataset_not_found,True,False,False,False,1,0,True,True,False,1,10160.19,163,0,2,1,bigquery-public-data.usfs_fia,545,C0_anchor,NotFound,404 POST https://bigquery.googleapis.com/bigquery/v2/projects/project-0e0fc8a5-27b1-4e00-912/jobs?prettyPrint=false: Not found: Table bigquery-public-data:usfs_
bq220,usfs_fia,unrecognized_column,True,False,False,False,0,2,False,True,False,1,9431.81,150,0,1,1,bigquery-public-data.usfs_fia,552,C0_anchor,BadRequest,400 POST https://bigquery.googleapis.com/bigquery/v2/projects/project-0e0fc8a5-27b1-4e00-912/jobs?prettyPrint=false: Unrecognized name: evaluation_type at [12:5
bq096,gbif,other:InternalServerError,True,True,False,False,0,0,False,True,True,1,6341.08,103,0,1,1,bigquery-public-data.gbif,308,C0_anchor,InternalServerError,"500 Query exceeded limit for bytes billed: 1000000000. 202528260096 or higher required.; reason: bytesBilledLimitExceeded, message: Query exceeded limit for byt"
bq277,noaa_ports,permission_denied,True,False,False,False,1,0,True,True,False,1,9619.08,153,0,3,3,bigquery-public-data.geo_international_ports,483,C0_anchor,Forbidden,403 POST https://bigquery.googleapis.com/bigquery/v2/projects/project-0e0fc8a5-27b1-4e00-912/jobs?prettyPrint=false: Access Denied: Table bigquery-public-data:n
bq278,sunroof_solar,exec_ok_but_rows_mismatch,True,True,True,False,0,0,False,True,False,1,25959.93,425,20971520,2,1,bigquery-public-data.sunroof_solar,1527,C0_anchor,,
bq102,gnomAD,unrecognized_column,True,False,False,False,0,1,False,False,False,1,7364.39,114,0,1,1,bigquery-public-data.gnomAD,340,C0_anchor,BadRequest,"400 POST https://bigquery.googleapis.com/bigquery/v2/projects/project-0e0fc8a5-27b1-4e00-912/jobs?prettyPrint=false: Unrecognized name: VEP at [9:17]

Location:"
bq445,gnomAD,unrecognized_column,True,False,False,False,2,4,False,False,True,1,14789.84,235,0,1,1,bigquery-public-data.gnomAD,753,C0_anchor,BadRequest,"400 POST https://bigquery.googleapis.com/bigquery/v2/projects/project-0e0fc8a5-27b1-4e00-912/jobs?prettyPrint=false: Unrecognized name: VEP at [10:19]

Location"
bq103,gnomAD,unrecognized_column,True,False,False,False,0,1,False,False,False,1,8711.86,135,0,1,1,bigquery-public-data.gnomAD,343,C0_anchor,BadRequest,"400 POST https://bigquery.googleapis.com/bigquery/v2/projects/project-0e0fc8a5-27b1-4e00-912/jobs?prettyPrint=false: Unrecognized name: NHOMALT at [4:7]

Locati"
bq105,nhtsa_traffic_fatalities_plus,unrecognized_column,True,False,False,False,2,1,True,True,False,1,38756.43,636,0,3,2,bigquery-public-data.census_bureau_usa,1000,C0_anchor,BadRequest,400 POST https://bigquery.googleapis.com/bigquery/v2/projects/project-0e0fc8a5-27b1-4e00-912/jobs?prettyPrint=false: Unrecognized name: state_name; Did you mean
bq108,nhtsa_traffic_fatalities,table_or_dataset_not_found,True,False,False,False,1,0,True,False,False,1,9727.47,156,0,2,1,bigquery-public-data.nhtsa_traffic_fatalities,453,C0_anchor,NotFound,404 POST https://bigquery.googleapis.com/bigquery/v2/projects/project-0e0fc8a5-27b1-4e00-912/jobs?prettyPrint=false: Not found: Table bigquery-public-data:nhtsa
bq067,nhtsa_traffic_fatalities,table_or_dataset_not_found,True,False,False,False,1,4,True,True,False,1,23668.21,382,0,2,1,bigquery-public-data.nhtsa_traffic_fatalities,1139,C0_anchor,NotFound,404 POST https://bigquery.googleapis.com/bigquery/v2/projects/project-0e0fc8a5-27b1-4e00-912/jobs?prettyPrint=false: Not found: Table bigquery-public-data:nhtsa
bq396,nhtsa_traffic_fatalities,unrecognized_column,True,False,False,False,0,1,True,True,False,1,9822.04,157,0,2,1,bigquery-public-data.nhtsa_traffic_fatalities,496,C0_anchor,BadRequest,400 POST https://bigquery.googleapis.com/bigquery/v2/projects/project-0e0fc8a5-27b1-4e00-912/jobs?prettyPrint=false: Name state_name not found inside d at [2:5]
bq441,nhtsa_traffic_fatalities,exec_ok_but_rows_mismatch,True,True,True,False,0,0,False,False,False,1,4702.18,72,10485760,1,1,bigquery-public-data.nhtsa_traffic_fatalities,267,C0_anchor,,
bq097,sdoh,unrecognized_column,True,False,False,False,0,2,False,True,False,1,5745.03,88,0,1,1,bigquery-public-data.census_bureau_acs,243,C0_anchor,BadRequest,"400 POST https://bigquery.googleapis.com/bigquery/v2/projects/project-0e0fc8a5-27b1-4e00-912/jobs?prettyPrint=false: Unrecognized name: geo_name at [7:3]

Locat"
bq120,sdoh,table_or_dataset_not_found,True,False,False,False,3,1,True,True,False,1,19201.26,308,0,4,2,bigquery-public-data.census_bureau_acs,819,C0_anchor,NotFound,404 POST https://bigquery.googleapis.com/bigquery/v2/projects/project-0e0fc8a5-27b1-4e00-912/jobs?prettyPrint=false: Not found: Table bigquery-public-data:censu
bq110,sdoh,table_or_dataset_not_found,True,False,False,False,1,5,False,True,False,1,6695.77,103,0,1,1,bigquery-public-data.usa,272,C0_anchor,NotFound,404 POST https://bigquery.googleapis.com/bigquery/v2/projects/project-0e0fc8a5-27b1-4e00-912/jobs?prettyPrint=false: Not found: Dataset bigquery-public-data:usa
bq395,sdoh,exec_ok_but_rows_mismatch,True,False,True,False,3,4,True,True,False,1,14401.61,229,0,1,1,bigquery-public-data.census_bureau_acs,841,C0_anchor,,
bq352,sdoh,table_or_dataset_not_found,True,False,False,False,2,0,True,False,False,1,7517.85,117,0,2,2,bigquery-public-data.cdc,290,C0_anchor,NotFound,404 POST https://bigquery.googleapis.com/bigquery/v2/projects/project-0e0fc8a5-27b1-4e00-912/jobs?prettyPrint=false: Not found: Dataset bigquery-public-data:cdc
bq074,sdoh,unrecognized_column,True,False,False,False,1,6,False,True,True,1,12523.32,199,0,1,1,bigquery-public-data.census_bureau_acs,588,C0_anchor,BadRequest,"400 POST https://bigquery.googleapis.com/bigquery/v2/projects/project-0e0fc8a5-27b1-4e00-912/jobs?prettyPrint=false: Unrecognized name: year at [5:19]

Location"
bq066,sdoh,permission_denied,True,False,False,False,1,0,True,True,False,1,10028.22,158,0,2,2,bigquery-public-data.census_bureau_acs,531,C0_anchor,Forbidden,403 POST https://bigquery.googleapis.com/bigquery/v2/projects/project-0e0fc8a5-27b1-4e00-912/jobs?prettyPrint=false: Access Denied: Table bigquery-public-data:s
bq114,openaq,table_or_dataset_not_found,True,False,False,False,1,1,True,False,False,1,13787.89,223,0,2,2,bigquery-public-data.epa_historical_air_quality,640,C0_anchor,NotFound,404 POST https://bigquery.googleapis.com/bigquery/v2/projects/project-0e0fc8a5-27b1-4e00-912/jobs?prettyPrint=false: Not found: Table bigquery-public-data:opena
bq116,sec_quarterly_financials,other:InternalServerError,True,False,False,False,0,1,True,True,False,1,10535.0,169,0,2,1,bigquery-public-data.sec_quarterly_financials,502,C0_anchor,InternalServerError,"500 Query exceeded limit for bytes billed: 1000000000. 17821597696 or higher required.; reason: bytesBilledLimitExceeded, message: Query exceeded limit for byte"
bq041,stackoverflow,function_signature,True,False,False,False,4,1,True,True,False,1,31929.82,524,0,3,1,bigquery-public-data.stackoverflow,1892,C0_anchor,BadRequest,400 POST https://bigquery.googleapis.com/bigquery/v2/projects/project-0e0fc8a5-27b1-4e00-912/jobs?prettyPrint=false: No matching signature for operator = for ar
bq123,stackoverflow,function_signature,True,False,False,False,3,5,True,True,True,1,14894.51,243,0,2,1,bigquery-public-data.stackoverflow,943,C0_anchor,BadRequest,400 POST https://bigquery.googleapis.com/bigquery/v2/projects/project-0e0fc8a5-27b1-4e00-912/jobs?prettyPrint=false: Function not found: TIMESTAMPDIFF; Did you 
bq280,stackoverflow,exec_ok_but_rows_mismatch,True,True,True,False,0,0,True,True,False,1,4228.84,67,907018240,2,1,bigquery-public-data.stackoverflow,238,C0_anchor,,
bq300,stackoverflow,exec_ok_but_rows_mismatch,True,True,True,False,0,0,False,False,False,1,2661.85,41,817889280,1,1,bigquery-public-data.stackoverflow,153,C0_anchor,,
bq301,stackoverflow,other_bad_request,True,True,False,False,0,0,True,False,False,1,14402.18,233,0,3,1,bigquery-public-data.stackoverflow,899,C0_anchor,BadRequest,400 POST https://bigquery.googleapis.com/bigquery/v2/projects/project-0e0fc8a5-27b1-4e00-912/jobs?prettyPrint=false: Name owner_reputation not found inside q at
bq302,stackoverflow,exec_ok_but_rows_mismatch,True,False,True,False,0,1,False,True,False,1,5743.02,92,817889280,1,1,bigquery-public-data.stackoverflow,283,C0_anchor,,
bq303,stackoverflow,other:InternalServerError,True,True,False,False,0,0,True,False,False,1,27046.41,441,0,4,1,bigquery-public-data.stackoverflow,450,C0_anchor,InternalServerError,"500 Query exceeded limit for bytes billed: 1000000000. 3039821824 or higher required.; reason: bytesBilledLimitExceeded, message: Query exceeded limit for bytes"
bq304,stackoverflow,unrecognized_column,True,False,False,False,5,3,True,False,False,1,24112.18,392,0,1,1,bigquery-public-data.stackoverflow,1328,C0_anchor,BadRequest,400 POST https://bigquery.googleapis.com/bigquery/v2/projects/project-0e0fc8a5-27b1-4e00-912/jobs?prettyPrint=false: Unrecognized name: tag; Did you mean tags? 
bq310,stackoverflow,function_signature,True,True,False,False,0,0,False,False,False,1,5746.43,90,0,1,1,bigquery-public-data.stackoverflow,339,C0_anchor,BadRequest,"400 POST https://bigquery.googleapis.com/bigquery/v2/projects/project-0e0fc8a5-27b1-4e00-912/jobs?prettyPrint=false: No matching signature for function REPLACE
"
bq305,stackoverflow,function_signature,True,False,False,False,3,1,True,True,True,1,21817.46,355,0,2,1,bigquery-public-data.stackoverflow,1243,C0_anchor,BadRequest,400 POST https://bigquery.googleapis.com/bigquery/v2/projects/project-0e0fc8a5-27b1-4e00-912/jobs?prettyPrint=false: No matching signature for aggregate functio
bq306,stackoverflow,unrecognized_column,True,False,False,False,0,1,True,True,False,1,11934.6,192,0,3,1,bigquery-public-data.stackoverflow,556,C0_anchor,BadRequest,"400 POST https://bigquery.googleapis.com/bigquery/v2/projects/project-0e0fc8a5-27b1-4e00-912/jobs?prettyPrint=false: Unrecognized name: t at [2:5]

Location: No"
bq308,stackoverflow,table_or_dataset_not_found,True,False,False,False,3,1,True,True,False,1,16807.53,275,0,2,1,bigquery-public-data.stackoverflow,1023,C0_anchor,NotFound,404 POST https://bigquery.googleapis.com/bigquery/v2/projects/project-0e0fc8a5-27b1-4e00-912/jobs?prettyPrint=false: Not found: Table bigquery-public-data:stack
bq309,stackoverflow,other:InternalServerError,True,True,False,False,0,0,True,True,True,1,15514.25,252,0,4,1,bigquery-public-data.stackoverflow,928,C0_anchor,InternalServerError,"500 Query exceeded limit for bytes billed: 1000000000. 39621492736 or higher required.; reason: bytesBilledLimitExceeded, message: Query exceeded limit for byte"
bq124,fhir_synthea,table_or_dataset_not_found,True,False,False,False,1,0,True,False,False,1,9515.03,153,0,9,6,bigquery-public-data.fhir_synthea,538,C0_anchor,NotFound,404 POST https://bigquery.googleapis.com/bigquery/v2/projects/project-0e0fc8a5-27b1-4e00-912/jobs?prettyPrint=false: Not found: Table bigquery-public-data:fhir_
bq391,fhir_synthea,table_or_dataset_not_found,True,False,False,False,4,4,True,True,True,1,12982.27,210,0,4,2,bigquery-public-data.fhir_synthea,840,C0_anchor,NotFound,404 POST https://bigquery.googleapis.com/bigquery/v2/projects/project-0e0fc8a5-27b1-4e00-912/jobs?prettyPrint=false: Not found: Table bigquery-public-data:fhir_
bq126,the_met,exec_ok_but_rows_mismatch,True,True,True,False,0,0,True,False,False,1,6452.3,102,53477376,2,1,bigquery-public-data.the_met,350,C0_anchor,,
bq366,the_met,exec_ok_but_rows_mismatch,True,False,True,False,0,1,True,True,False,1,7044.27,112,20971520,2,1,bigquery-public-data.the_met,374,C0_anchor,,
bq414,the_met,exec_ok_but_rows_mismatch,True,True,True,False,0,0,True,False,False,1,7593.55,121,20971520,3,2,bigquery-public-data.the_met,386,C0_anchor,,
bq200,mlb,table_or_dataset_not_found,True,False,False,False,3,0,True,True,False,1,15075.27,243,0,3,1,bigquery-public-data.baseball,787,C0_anchor,NotFound,404 POST https://bigquery.googleapis.com/bigquery/v2/projects/project-0e0fc8a5-27b1-4e00-912/jobs?prettyPrint=false: Not found: Table bigquery-public-data:baseb
bq204,eclipse_megamovie,EX_MATCH,True,False,True,True,0,2,False,True,True,1,8682.29,138,31457280,3,1,bigquery-public-data.eclipse_megamovie,450,C0_anchor,,
bq389,epa_historical_air_quality,function_signature,True,False,False,False,0,1,False,True,False,1,15248.11,247,0,1,1,bigquery-public-data.epa_historical_air_quality,831,C0_anchor,BadRequest,"400 POST https://bigquery.googleapis.com/bigquery/v2/projects/project-0e0fc8a5-27b1-4e00-912/jobs?prettyPrint=false: Function not found: YEAR at [13:7]

Locatio"
bq199,iowa_liquor_sales,other:InternalServerError,True,False,False,False,1,3,False,True,False,1,13375.84,221,0,1,1,bigquery-public-data.iowa_liquor_sales,640,C0_anchor,InternalServerError,"500 Query exceeded limit for bytes billed: 1000000000. 1180696576 or higher required.; reason: bytesBilledLimitExceeded, message: Query exceeded limit for bytes"
bq218,iowa_liquor_sales,table_or_dataset_not_found,True,False,False,False,2,1,True,True,False,1,13121.26,217,0,1,1,iowa_liquor_sales,715,C0_anchor,NotFound,404 POST https://bigquery.googleapis.com/bigquery/v2/projects/project-0e0fc8a5-27b1-4e00-912/jobs?prettyPrint=false: Not found: Dataset project-0e0fc8a5-27b1-4e
bq049,iowa_liquor_sales_plus,function_signature,True,False,False,False,3,2,True,True,True,1,20598.14,340,0,2,2,bigquery-public-data.census_bureau_usa,1061,C0_anchor,BadRequest,"400 POST https://bigquery.googleapis.com/bigquery/v2/projects/project-0e0fc8a5-27b1-4e00-912/jobs?prettyPrint=false: Function not found: YEAR at [10:9]

Locatio"
bq360,nppes,table_or_dataset_not_found,True,False,False,False,3,2,True,True,False,1,14409.98,237,0,2,1,bigquery-public-data.nppes,747,C0_anchor,NotFound,404 POST https://bigquery.googleapis.com/bigquery/v2/projects/project-0e0fc8a5-27b1-4e00-912/jobs?prettyPrint=false: Not found: Table bigquery-public-data:nppes
bq286,usa_names,exec_ok_but_rows_mismatch,True,False,True,False,0,1,False,False,False,1,5412.03,89,171966464,1,1,bigquery-public-data.usa_names,228,C0_anchor,,
bq143,CPTAC_PDC,syntax_error,False,False,False,False,0,0,False,False,False,1,11173.77,178,0,2,1,isb-cgc-bq.CPTAC,522,C0_anchor,BadRequest,400 POST https://bigquery.googleapis.com/bigquery/v2/projects/project-0e0fc8a5-27b1-4e00-912/jobs?prettyPrint=false: Syntax error: Expected end of input but got
bq046,TCGA_bioclin_v0,table_or_dataset_not_found,True,True,False,False,0,0,True,False,False,1,9439.34,151,0,3,1,isb-cgc.TCGA_bioclin_v0,417,C0_anchor,NotFound,404 POST https://bigquery.googleapis.com/bigquery/v2/projects/project-0e0fc8a5-27b1-4e00-912/jobs?prettyPrint=false: Not found: Table isb-cgc:TCGA_bioclin_v0.re
bq161,pancancer_atlas_2,other:InternalServerError,True,True,False,False,0,0,True,False,False,1,10455.19,168,0,2,1,isb-cgc-bq.pancancer_atlas,429,C0_anchor,InternalServerError,"500 Query exceeded limit for bytes billed: 1000000000. 4756340736 or higher required.; reason: bytesBilledLimitExceeded, message: Query exceeded limit for bytes"
bq151,pancancer_atlas_2,other:InternalServerError,True,False,False,False,0,2,True,True,True,1,19661.82,320,0,2,1,isb-cgc-bq.pancancer_atlas,885,C0_anchor,InternalServerError,"500 Query exceeded limit for bytes billed: 1000000000. 9982443520 or higher required.; reason: bytesBilledLimitExceeded, message: Query exceeded limit for bytes"
bq162,HTAN_1,syntax_error,False,False,False,False,0,0,False,False,False,1,13146.16,212,0,0,0,,671,C0_anchor,BadRequest,"400 POST https://bigquery.googleapis.com/bigquery/v2/projects/project-0e0fc8a5-27b1-4e00-912/jobs?prettyPrint=false: Syntax error: Expected "")"" but got identifi"
bq165,mitelman,syntax_error,False,False,False,False,0,0,False,False,False,1,48763.09,800,0,2,1,mitelman-db.prod,1334,C0_anchor,BadRequest,400 POST https://bigquery.googleapis.com/bigquery/v2/projects/project-0e0fc8a5-27b1-4e00-912/jobs?prettyPrint=false: Syntax error: Unexpected end of script at [
bq169,mitelman,other_bad_request,True,True,False,False,0,0,True,False,False,1,38449.99,631,0,2,1,mitelman-db.prod,1790,C0_anchor,BadRequest,400 POST https://bigquery.googleapis.com/bigquery/v2/projects/project-0e0fc8a5-27b1-4e00-912/jobs?prettyPrint=false: Name Chromosome not found inside cc1 at [35
bq111,mitelman,unrecognized_column,True,False,False,False,0,2,True,True,False,1,11752.41,189,0,2,1,mitelman-db.prod,507,C0_anchor,BadRequest,"400 POST https://bigquery.googleapis.com/bigquery/v2/projects/project-0e0fc8a5-27b1-4e00-912/jobs?prettyPrint=false: Unrecognized name: mitelman_freq at [5:8]

"
bq279,austin,unrecognized_column,True,True,False,False,0,0,False,True,False,1,7201.94,115,0,1,1,bigquery-public-data.austin_bikeshare,365,C0_anchor,BadRequest,"400 POST https://bigquery.googleapis.com/bigquery/v2/projects/project-0e0fc8a5-27b1-4e00-912/jobs?prettyPrint=false: Unrecognized name: status at [3:28]

Locati"
bq281,austin,aggregation_error,True,True,False,False,0,0,False,False,False,1,6240.76,99,0,1,1,bigquery-public-data.austin_bikeshare,364,C0_anchor,BadRequest,400 POST https://bigquery.googleapis.com/bigquery/v2/projects/project-0e0fc8a5-27b1-4e00-912/jobs?prettyPrint=false: Multi-level aggregation requires the enclos
bq282,austin,other_bad_request,True,False,False,False,0,1,True,True,False,1,9477.5,152,0,2,2,bigquery-public-data.austin_bikeshare,495,C0_anchor,BadRequest,400 POST https://bigquery.googleapis.com/bigquery/v2/projects/project-0e0fc8a5-27b1-4e00-912/jobs?prettyPrint=false: Name start_longitude not found inside b at 
bq006,austin,function_signature,True,False,False,False,2,3,False,True,False,1,9222.44,148,0,1,1,bigquery-public-data.austin_crime,496,C0_anchor,BadRequest,"400 POST https://bigquery.googleapis.com/bigquery/v2/projects/project-0e0fc8a5-27b1-4e00-912/jobs?prettyPrint=false: Function not found: YEAR at [8:5]

Location"
bq284,bbc,exec_ok_but_rows_mismatch,True,True,True,False,0,0,False,True,False,1,5844.71,96,10485760,1,1,bigquery-public-data.bbc_news,311,C0_anchor,,
bq413,dimensions_ai_covid19,table_or_dataset_not_found,True,False,False,False,1,0,True,False,False,1,6795.26,107,0,3,2,bigquery-public-data.dimensions_ai_covid19,338,C0_anchor,NotFound,404 POST https://bigquery.googleapis.com/bigquery/v2/projects/project-0e0fc8a5-27b1-4e00-912/jobs?prettyPrint=false: Not found: Table bigquery-public-data:dimen
bq425,ebi_chembl,table_or_dataset_not_found,True,False,False,False,5,0,True,True,False,1,11148.83,181,0,5,1,bigquery-public-data.ebi_chembl,575,C0_anchor,NotFound,404 POST https://bigquery.googleapis.com/bigquery/v2/projects/project-0e0fc8a5-27b1-4e00-912/jobs?prettyPrint=false: Not found: Table bigquery-public-data:ebi_c
bq430,ebi_chembl,function_signature,True,False,False,False,4,8,True,True,True,1,46923.4,764,0,3,1,bigquery-public-data.ebi_chembl,2397,C0_anchor,BadRequest,400 POST https://bigquery.googleapis.com/bigquery/v2/projects/project-0e0fc8a5-27b1-4e00-912/jobs?prettyPrint=false: No matching signature for operator = for ar
bq023,fec,table_or_dataset_not_found,True,False,False,False,1,0,True,True,False,1,7892.16,123,0,2,2,bigquery-public-data.census_bureau_acs,376,C0_anchor,NotFound,404 POST https://bigquery.googleapis.com/bigquery/v2/projects/project-0e0fc8a5-27b1-4e00-912/jobs?prettyPrint=false: Not found: Table bigquery-public-data:fec.i
bq094,fec,syntax_error,False,False,False,False,0,0,False,False,False,1,10909.37,172,0,2,1,fec,522,C0_anchor,BadRequest,"400 POST https://bigquery.googleapis.com/bigquery/v2/projects/project-0e0fc8a5-27b1-4e00-912/jobs?prettyPrint=false: Syntax error: Expected "")"" but got identifi"
bq287,fda,permission_denied,True,False,False,False,1,0,True,True,False,1,8767.75,140,0,2,2,bigquery-public-data.census_acs,412,C0_anchor,Forbidden,403 POST https://bigquery.googleapis.com/bigquery/v2/projects/project-0e0fc8a5-27b1-4e00-912/jobs?prettyPrint=false: Access Denied: Table bigquery-public-data:c
bq432,fda,exec_ok_but_rows_mismatch,True,True,True,False,0,0,False,False,False,1,14333.25,230,40894464,1,1,bigquery-public-data.fda_food,758,C0_anchor,,
bq285,fda,exec_ok_but_rows_mismatch,True,True,True,False,0,0,False,True,False,1,2840.62,42,10485760,1,1,bigquery-public-data.fdic_banks,138,C0_anchor,,
bq288,fda,unrecognized_column,True,False,False,False,0,1,False,True,True,1,8893.88,142,0,1,1,bigquery-public-data.fdic_banks,435,C0_anchor,BadRequest,400 POST https://bigquery.googleapis.com/bigquery/v2/projects/project-0e0fc8a5-27b1-4e00-912/jobs?prettyPrint=false: Unrecognized name: establishment_date; Did 
bq418,targetome_reactome,syntax_error,False,False,False,False,0,0,False,False,False,1,48744.62,800,0,4,2,isb-cgc-bq.reactome_versioned,2901,C0_anchor,BadRequest,"400 POST https://bigquery.googleapis.com/bigquery/v2/projects/project-0e0fc8a5-27b1-4e00-912/jobs?prettyPrint=false: Syntax error: Expected "")"" but got end of s"
bq330,fda,function_signature,True,False,False,False,0,1,True,True,True,1,10876.49,174,0,2,2,bigquery-public-data.fdic_banks,640,C0_anchor,BadRequest,400 POST https://bigquery.googleapis.com/bigquery/v2/projects/project-0e0fc8a5-27b1-4e00-912/jobs?prettyPrint=false: Function not found: ST_GeomFromText; Did yo
bq398,world_bank,exec_ok_but_rows_mismatch,True,False,True,False,0,1,True,True,False,1,6359.44,99,175112192,2,2,bigquery-public-data.world_bank_health_population,387,C0_anchor,,
bq399,world_bank,other_bad_request,True,False,False,False,0,1,True,True,False,1,13714.36,220,0,4,1,bigquery-public-data.world_bank_health_population,892,C0_anchor,BadRequest,400 POST https://bigquery.googleapis.com/bigquery/v2/projects/project-0e0fc8a5-27b1-4e00-912/jobs?prettyPrint=false: Name indicator_code not found inside s at [
bq457,libraries_io,other_bad_request,True,True,False,False,0,0,True,False,False,1,13352.34,215,0,2,1,bigquery-public-data.libraries_io,907,C0_anchor,BadRequest,400 POST https://bigquery.googleapis.com/bigquery/v2/projects/project-0e0fc8a5-27b1-4e00-912/jobs?prettyPrint=false: Name repository_id not found inside d at [1
bq227,london,exec_ok_but_rows_mismatch,True,True,True,False,0,0,False,True,True,1,6805.6,111,516947968,1,1,bigquery-public-data.london_crime,310,C0_anchor,,
bq232,london,EX_MATCH,True,True,True,True,0,0,False,True,False,1,4629.01,75,930086912,1,1,bigquery-public-data.london_crime,246,C0_anchor,,
bq228,london,EX_MATCH,True,False,True,True,0,1,False,True,False,1,4441.96,72,522190848,1,1,bigquery-public-data.london_crime,224,C0_anchor,,
bq229,open_images,other:InternalServerError,True,True,False,False,0,0,False,False,False,1,9057.73,149,0,2,1,bigquery-public-data.open_images,561,C0_anchor,InternalServerError,"500 Query exceeded limit for bytes billed: 1000000000. 4150263808 or higher required.; reason: bytesBilledLimitExceeded, message: Query exceeded limit for bytes"
bq230,usda_nass_agriculture,exec_ok_but_rows_mismatch,True,True,True,False,0,0,False,True,False,1,8649.09,138,602931200,1,1,bigquery-public-data.usda_nass_agriculture,454,C0_anchor,,
bq326,world_bank,other_bad_request,True,True,False,False,0,0,True,False,False,1,11842.53,191,0,2,1,bigquery-public-data.world_bank_health_population,697,C0_anchor,BadRequest,400 POST https://bigquery.googleapis.com/bigquery/v2/projects/project-0e0fc8a5-27b1-4e00-912/jobs?prettyPrint=false: Analytic function not allowed in WHERE clau
bq424,world_bank,other_bad_request,True,False,False,False,0,1,True,True,False,1,8678.3,137,0,3,1,bigquery-public-data.world_bank_intl_debt,509,C0_anchor,BadRequest,"400 POST https://bigquery.googleapis.com/bigquery/v2/projects/project-0e0fc8a5-27b1-4e00-912/jobs?prettyPrint=false: Name year not found inside cs at [9:104]

L"
bq327,world_bank,table_or_dataset_not_found,True,False,False,False,1,0,False,False,False,1,3031.51,44,0,1,1,bigquery-public-data.world_bank_intl_debt,141,C0_anchor,NotFound,404 POST https://bigquery.googleapis.com/bigquery/v2/projects/project-0e0fc8a5-27b1-4e00-912/jobs?prettyPrint=false: Not found: Table bigquery-public-data:world
bq328,world_bank,syntax_error,True,False,False,False,1,1,True,True,False,1,6788.04,106,0,2,2,bigquery-public-data.world_bank_health_population,336,C0_anchor,BadRequest,400 POST https://bigquery.googleapis.com/bigquery/v2/projects/project-0e0fc8a5-27b1-4e00-912/jobs?prettyPrint=false: Syntax error: Expected end of input but got
bq393,hacker_news,syntax_error,True,False,False,False,3,6,False,True,False,1,16909.93,280,0,1,1,bigquery-public-data.hacker_news,1045,C0_anchor,BadRequest,400 POST https://bigquery.googleapis.com/bigquery/v2/projects/project-0e0fc8a5-27b1-4e00-912/jobs?prettyPrint=false: Syntax error: Unexpected keyword BY at [3:5
bq403,irs_990,function_signature,True,False,False,False,0,1,False,True,False,1,6273.86,96,0,1,1,bigquery-public-data.irs_990,218,C0_anchor,BadRequest,"400 POST https://bigquery.googleapis.com/bigquery/v2/projects/project-0e0fc8a5-27b1-4e00-912/jobs?prettyPrint=false: No matching signature for operator BETWEEN
"
bq397,ecommerce,exec_ok_but_rows_mismatch,True,False,True,False,3,0,True,True,False,1,11745.82,189,10485760,1,1,data-to-insights.ecommerce,796,C0_anchor,,
bq402,ecommerce,syntax_error,True,False,False,False,2,0,True,False,False,1,8217.99,130,0,1,1,data-to-insights.ecommerce,528,C0_anchor,BadRequest,400 POST https://bigquery.googleapis.com/bigquery/v2/projects/project-0e0fc8a5-27b1-4e00-912/jobs?prettyPrint=false: Syntax error: Unexpected keyword TO at [3:1
ga001,ga4,syntax_error,True,False,False,False,1,1,True,True,False,1,6785.09,107,0,1,1,bigquery-public-data.ga4_obfuscated_sample_ecommerce,309,C0_anchor,BadRequest,400 POST https://bigquery.googleapis.com/bigquery/v2/projects/project-0e0fc8a5-27b1-4e00-912/jobs?prettyPrint=false: Syntax error: Expected end of input but got
ga002,ga4,function_signature,True,False,False,False,2,3,True,True,False,1,19658.79,319,0,1,1,bigquery-public-data.ga4_obfuscated_sample_ecommerce,1089,C0_anchor,BadRequest,400 POST https://bigquery.googleapis.com/bigquery/v2/projects/project-0e0fc8a5-27b1-4e00-912/jobs?prettyPrint=false: No matching signature for function DATE_TRU
ga003,firebase,exec_ok_but_rows_mismatch,True,False,True,False,1,1,False,True,False,1,5548.3,87,10485760,1,1,firebase-public-project.analytics_153293282,277,C0_anchor,,
ga004,ga4,syntax_error,True,False,False,False,3,2,True,True,True,1,14716.56,238,0,1,1,bigquery-public-data.ga4_obfuscated_sample_ecommerce,805,C0_anchor,BadRequest,"400 POST https://bigquery.googleapis.com/bigquery/v2/projects/project-0e0fc8a5-27b1-4e00-912/jobs?prettyPrint=false: Syntax error: Expected "")"" but got ""*"" at ["
ga008,ga4,syntax_error,True,False,False,False,3,0,True,False,False,1,12010.18,193,0,1,1,bigquery-public-data.ga4_obfuscated_sample_ecommerce,649,C0_anchor,BadRequest,"400 POST https://bigquery.googleapis.com/bigquery/v2/projects/project-0e0fc8a5-27b1-4e00-912/jobs?prettyPrint=false: Syntax error: Expected "")"" but got ""*"" at ["
ga017,ga4,table_or_dataset_not_found,True,False,False,False,1,0,False,True,False,1,4969.08,77,0,1,1,bigquery-public-data.ga4_obfuscated_sample_ecommerce,266,C0_anchor,NotFound,404 POST https://bigquery.googleapis.com/bigquery/v2/projects/project-0e0fc8a5-27b1-4e00-912/jobs?prettyPrint=false: Not found: Table bigquery-public-data:ga4_o
ga007,ga4,exec_ok_but_rows_mismatch,True,True,True,False,0,0,False,False,False,1,8782.8,139,14680064,1,1,bigquery-public-data.ga4_obfuscated_sample_ecommerce,386,C0_anchor,,
ga013,ga4,exec_ok_but_rows_mismatch,True,True,True,False,0,0,False,False,False,1,10829.3,173,10485760,1,1,bigquery-public-data.ga4_obfuscated_sample_ecommerce,499,C0_anchor,,
ga018,ga4,function_signature,True,False,False,False,3,0,True,False,False,1,23393.47,380,0,1,1,bigquery-public-data.ga4_obfuscated_sample_ecommerce,1233,C0_anchor,BadRequest,"400 POST https://bigquery.googleapis.com/bigquery/v2/projects/project-0e0fc8a5-27b1-4e00-912/jobs?prettyPrint=false: No matching signature for operator +
  Argu"
ga032,ga4,exec_ok_but_rows_mismatch,True,False,True,False,2,3,True,False,False,1,19389.14,314,12582912,1,1,bigquery-public-data.ga4_obfuscated_sample_ecommerce,1073,C0_anchor,,
ga031,ga4,other_bad_request,True,False,False,False,4,0,True,True,False,1,19327.34,314,0,2,2,bigquery-public-data.ga4_obfuscated_sample_ecommerce,1119,C0_anchor,BadRequest,400 POST https://bigquery.googleapis.com/bigquery/v2/projects/project-0e0fc8a5-27b1-4e00-912/jobs?prettyPrint=false: Cannot access field key on a value with typ
ga006,ga4,exec_ok_but_rows_mismatch,True,False,True,False,0,1,False,True,True,1,9515.81,152,10485760,1,1,bigquery-public-data.ga4_obfuscated_sample_ecommerce,466,C0_anchor,,
ga009,ga4,syntax_error,True,False,False,False,1,1,False,True,False,1,7026.98,111,0,2,2,bigquery-public-data.ga4_obfuscated_sample_ecommerce,350,C0_anchor,BadRequest,400 POST https://bigquery.googleapis.com/bigquery/v2/projects/project-0e0fc8a5-27b1-4e00-912/jobs?prettyPrint=false: Syntax error: Expected end of input but got
ga010,ga4,syntax_error,True,False,False,False,1,1,False,True,False,1,6319.74,99,0,1,1,bigquery-public-data.ga4_obfuscated_sample_ecommerce,296,C0_anchor,BadRequest,400 POST https://bigquery.googleapis.com/bigquery/v2/projects/project-0e0fc8a5-27b1-4e00-912/jobs?prettyPrint=false: Syntax error: Expected end of input but got
ga014,ga4,syntax_error,True,False,False,False,1,0,False,True,False,1,5720.41,89,0,1,1,bigquery-public-data.ga4_obfuscated_sample_ecommerce,257,C0_anchor,BadRequest,400 POST https://bigquery.googleapis.com/bigquery/v2/projects/project-0e0fc8a5-27b1-4e00-912/jobs?prettyPrint=false: Syntax error: Expected end of input but got
ga011,ga4,unrecognized_column,True,False,False,False,1,4,False,True,False,1,7875.11,125,0,1,1,bigquery-public-data.ga4_obfuscated_sample_ecommerce,386,C0_anchor,BadRequest,"400 POST https://bigquery.googleapis.com/bigquery/v2/projects/project-0e0fc8a5-27b1-4e00-912/jobs?prettyPrint=false: Unrecognized name: page_path at [9:7]

Loca"
ga012,ga4,other_bad_request,True,False,False,False,0,1,True,True,False,1,11934.9,192,0,1,1,bigquery-public-data.ga4_obfuscated_sample_ecommerce,575,C0_anchor,BadRequest,400 POST https://bigquery.googleapis.com/bigquery/v2/projects/project-0e0fc8a5-27b1-4e00-912/jobs?prettyPrint=false: Field name TAX_VALUE_IN_USD does not exist 
ga019,firebase,other_bad_request,True,False,False,False,0,2,False,True,True,1,22704.27,370,0,3,1,firebase_public_project.analytics_153293282,1094,C0_anchor,BadRequest,400 POST https://bigquery.googleapis.com/bigquery/v2/projects/project-0e0fc8a5-27b1-4e00-912/jobs?prettyPrint=false: Invalid project ID 'firebase_public_project
ga030,firebase,syntax_error,True,False,False,False,4,5,True,True,False,1,16078.27,259,0,1,1,firebase-public-project.analytics_153293282,854,C0_anchor,BadRequest,"400 POST https://bigquery.googleapis.com/bigquery/v2/projects/project-0e0fc8a5-27b1-4e00-912/jobs?prettyPrint=false: Syntax error: Expected "")"" but got ""*"" at ["
ga005,firebase,syntax_error,True,False,False,False,3,0,True,True,False,1,19604.97,316,0,1,1,firebase-public-project.analytics_153293282,961,C0_anchor,BadRequest,"400 POST https://bigquery.googleapis.com/bigquery/v2/projects/project-0e0fc8a5-27b1-4e00-912/jobs?prettyPrint=false: Syntax error: Expected "")"" but got ""*"" at ["
ga028,firebase,syntax_error,True,False,False,False,3,7,True,True,False,1,27000.69,436,0,1,1,firebase-public-project.analytics_153293282,1377,C0_anchor,BadRequest,"400 POST https://bigquery.googleapis.com/bigquery/v2/projects/project-0e0fc8a5-27b1-4e00-912/jobs?prettyPrint=false: Syntax error: Expected "")"" but got ""*"" at ["
ga020,firebase,other_bad_request,True,False,False,False,2,0,True,True,False,1,17771.4,286,0,1,1,firebase_public_project.analytics_153293282,862,C0_anchor,BadRequest,400 POST https://bigquery.googleapis.com/bigquery/v2/projects/project-0e0fc8a5-27b1-4e00-912/jobs?prettyPrint=false: Invalid project ID 'firebase_public_project
ga021,firebase,syntax_error,True,False,False,False,3,0,True,True,False,1,19929.88,322,0,1,1,firebase-public-project.analytics_153293282,963,C0_anchor,BadRequest,"400 POST https://bigquery.googleapis.com/bigquery/v2/projects/project-0e0fc8a5-27b1-4e00-912/jobs?prettyPrint=false: Syntax error: Expected "")"" but got ""*"" at ["
ga022,firebase,syntax_error,True,False,False,False,3,3,True,True,False,1,23958.11,389,0,1,1,firebase_public_project.analytics_153293282,1287,C0_anchor,BadRequest,"400 POST https://bigquery.googleapis.com/bigquery/v2/projects/project-0e0fc8a5-27b1-4e00-912/jobs?prettyPrint=false: Syntax error: Expected "")"" but got ""*"" at ["
ga025,firebase,function_signature,True,False,False,False,4,0,True,True,False,1,19938.71,324,0,1,1,firebase-public-project.analytics_153293282,1000,C0_anchor,BadRequest,"400 POST https://bigquery.googleapis.com/bigquery/v2/projects/project-0e0fc8a5-27b1-4e00-912/jobs?prettyPrint=false: No matching signature for function DATE
  A"
