instance_id,lane,db_id,route_reason,dialect,final_source,mode,parses,safe_select,all_known,unknown_tables_n,unknown_columns_n,has_join,has_groupby,has_subquery,executable,rows_count,error_type,judge_invoked,judge_overrode,judge_confidence,repair_used,repair_rounds,bytes_billed,bytes_processed,lm_calls,latency_ms,completion_tokens
bq011,A_bq,ga4,bq_creds_and_dataset_match,bigquery,C0_anchor,execute,True,True,True,0,0,False,False,True,True,1,,True,False,0.95,False,0,41943040,5867716,7,58568.51,758
bq010,A_bq,ga360,bq_creds_and_dataset_match,bigquery,C0_anchor,dry_run,True,True,False,3,1,True,True,True,False,0,BadRequest,True,False,0.9,True,1,0,0,5,79004.32,1268
bq009,A_bq,ga360,bq_creds_and_dataset_match,bigquery,C0_anchor,dry_run,True,True,False,3,3,True,True,False,False,0,BadRequest,False,False,0.0,True,1,0,0,4,54296.05,878
bq001,A_bq,ga360,bq_creds_and_dataset_match,bigquery,C0_anchor,dry_run,True,True,False,3,1,True,True,False,False,0,BadRequest,True,False,0.7,True,1,0,0,5,66848.01,1076
bq002,A_bq,ga360,bq_creds_and_dataset_match,bigquery,C0_anchor,dry_run,True,True,False,2,6,False,True,False,False,0,BadRequest,False,False,0.0,True,1,0,0,4,77319.38,1257
bq003,A_bq,ga360,bq_creds_and_dataset_match,bigquery,C0_anchor,dry_run,True,True,False,1,2,False,True,False,False,0,BadRequest,True,False,0.9,True,1,0,0,5,56297.63,904
bq004,A_bq,ga360,bq_creds_and_dataset_match,bigquery,C0_anchor,dry_run,True,True,False,1,2,True,True,False,False,0,BadRequest,True,True,0.9,True,1,0,0,5,40257.34,639
bq008,A_bq,ga360,bq_creds_and_dataset_match,bigquery,C0_anchor,dry_run,True,True,False,3,5,True,True,False,False,0,BadRequest,False,False,0.0,False,0,0,0,1,23891.72,379
bq269,A_bq,ga360,bq_creds_and_dataset_match,bigquery,C0_anchor,dry_run,True,True,False,2,7,False,True,False,False,0,BadRequest,False,False,0.0,False,0,0,0,1,16249.95,262
bq268,A_bq,ga360,bq_creds_and_dataset_match,bigquery,C0_anchor,dry_run,True,True,False,3,4,False,True,False,False,0,BadRequest,False,False,0.0,False,0,0,0,1,11301.93,181
bq270,A_bq,ga360,bq_creds_and_dataset_match,bigquery,C0_anchor,dry_run,True,True,False,3,0,True,False,False,False,0,BadRequest,False,False,0.0,False,0,0,0,1,27191.82,443
bq275,A_bq,ga360,bq_creds_and_dataset_match,bigquery,C0_anchor,execute,True,True,False,3,0,True,True,False,True,0,,False,False,0.0,False,0,10485760,15671,1,15916.64,258
bq374,A_bq,ga360,bq_creds_and_dataset_match,bigquery,C0_anchor,dry_run,True,True,False,3,0,True,False,True,False,0,BadRequest,False,False,0.0,False,0,0,0,1,20745.83,337
sf_bq029,A_sf,PATENTS,blocked_snowflake_no_creds,snowflake,,blocked_snowflake,,False,,,,,,,,,blocked,False,False,,,,,,,,
sf_bq026,A_sf,PATENTS,blocked_snowflake_no_creds,snowflake,,blocked_snowflake,,False,,,,,,,,,blocked,False,False,,,,,,,,
sf_bq091,A_sf,PATENTS,blocked_snowflake_no_creds,snowflake,,blocked_snowflake,,False,,,,,,,,,blocked,False,False,,,,,,,,
sf_bq099,A_sf,PATENTS,blocked_snowflake_no_creds,snowflake,,blocked_snowflake,,False,,,,,,,,,blocked,False,False,,,,,,,,
sf_bq033,A_sf,PATENTS,blocked_snowflake_no_creds,snowflake,,blocked_snowflake,,False,,,,,,,,,blocked,False,False,,,,,,,,
sf_bq209,A_sf,PATENTS,blocked_snowflake_no_creds,snowflake,,blocked_snowflake,,False,,,,,,,,,blocked,False,False,,,,,,,,
sf_bq027,A_sf,PATENTS,blocked_snowflake_no_creds,snowflake,,blocked_snowflake,,False,,,,,,,,,blocked,False,False,,,,,,,,
sf_bq210,A_sf,PATENTS,blocked_snowflake_no_creds,snowflake,,blocked_snowflake,,False,,,,,,,,,blocked,False,False,,,,,,,,
sf_bq211,A_sf,PATENTS,blocked_snowflake_no_creds,snowflake,,blocked_snowflake,,False,,,,,,,,,blocked,False,False,,,,,,,,
sf_bq213,A_sf,PATENTS,blocked_snowflake_no_creds,snowflake,,blocked_snowflake,,False,,,,,,,,,blocked,False,False,,,,,,,,
sf_bq212,A_sf,PATENTS,blocked_snowflake_no_creds,snowflake,,blocked_snowflake,,False,,,,,,,,,blocked,False,False,,,,,,,,
sf_bq214,A_sf,PATENTS_GOOGLE,blocked_snowflake_no_creds,snowflake,,blocked_snowflake,,False,,,,,,,,,blocked,False,False,,,,,,,,
sf_bq216,A_sf,PATENTS_GOOGLE,blocked_snowflake_no_creds,snowflake,,blocked_snowflake,,False,,,,,,,,,blocked,False,False,,,,,,,,
sf_bq247,A_sf,PATENTS_GOOGLE,blocked_snowflake_no_creds,snowflake,,blocked_snowflake,,False,,,,,,,,,blocked,False,False,,,,,,,,
sf_bq127,A_sf,PATENTS_GOOGLE,blocked_snowflake_no_creds,snowflake,,blocked_snowflake,,False,,,,,,,,,blocked,False,False,,,,,,,,
sf_bq215,A_sf,PATENTS,blocked_snowflake_no_creds,snowflake,,blocked_snowflake,,False,,,,,,,,,blocked,False,False,,,,,,,,
sf_bq222,A_sf,PATENTS,blocked_snowflake_no_creds,snowflake,,blocked_snowflake,,False,,,,,,,,,blocked,False,False,,,,,,,,
sf_bq221,A_sf,PATENTS,blocked_snowflake_no_creds,snowflake,,blocked_snowflake,,False,,,,,,,,,blocked,False,False,,,,,,,,
sf_bq223,A_sf,PATENTS,blocked_snowflake_no_creds,snowflake,,blocked_snowflake,,False,,,,,,,,,blocked,False,False,,,,,,,,
sf_bq420,A_sf,PATENTS_USPTO,blocked_snowflake_no_creds,snowflake,,blocked_snowflake,,False,,,,,,,,,blocked,False,False,,,,,,,,
sf_bq207,A_sf,PATENTS_USPTO,blocked_snowflake_no_creds,snowflake,,blocked_snowflake,,False,,,,,,,,,blocked,False,False,,,,,,,,
sf_bq128,A_sf,PATENTSVIEW,blocked_snowflake_no_creds,snowflake,,blocked_snowflake,,False,,,,,,,,,blocked,False,False,,,,,,,,
sf_bq246,A_sf,PATENTSVIEW,blocked_snowflake_no_creds,snowflake,,blocked_snowflake,,False,,,,,,,,,blocked,False,False,,,,,,,,
sf_bq052,A_sf,PATENTSVIEW,blocked_snowflake_no_creds,snowflake,,blocked_snowflake,,False,,,,,,,,,blocked,False,False,,,,,,,,
sf_bq036,A_sf,GITHUB_REPOS,blocked_snowflake_no_creds,snowflake,,blocked_snowflake,,False,,,,,,,,,blocked,False,False,,,,,,,,
sf_bq100,A_sf,GITHUB_REPOS,blocked_snowflake_no_creds,snowflake,,blocked_snowflake,,False,,,,,,,,,blocked,False,False,,,,,,,,
sf_bq101,A_sf,GITHUB_REPOS,blocked_snowflake_no_creds,snowflake,,blocked_snowflake,,False,,,,,,,,,blocked,False,False,,,,,,,,
sf_bq182,A_sf,GITHUB_REPOS_DATE,blocked_snowflake_no_creds,snowflake,,blocked_snowflake,,False,,,,,,,,,blocked,False,False,,,,,,,,
sf_bq217,A_sf,GITHUB_REPOS_DATE,blocked_snowflake_no_creds,snowflake,,blocked_snowflake,,False,,,,,,,,,blocked,False,False,,,,,,,,
sf_bq191,A_sf,GITHUB_REPOS_DATE,blocked_snowflake_no_creds,snowflake,,blocked_snowflake,,False,,,,,,,,,blocked,False,False,,,,,,,,
sf_bq224,A_sf,GITHUB_REPOS_DATE,blocked_snowflake_no_creds,snowflake,,blocked_snowflake,,False,,,,,,,,,blocked,False,False,,,,,,,,
sf_bq192,A_sf,GITHUB_REPOS_DATE,blocked_snowflake_no_creds,snowflake,,blocked_snowflake,,False,,,,,,,,,blocked,False,False,,,,,,,,
sf_bq225,A_sf,GITHUB_REPOS,blocked_snowflake_no_creds,snowflake,,blocked_snowflake,,False,,,,,,,,,blocked,False,False,,,,,,,,
sf_bq180,A_sf,GITHUB_REPOS,blocked_snowflake_no_creds,snowflake,,blocked_snowflake,,False,,,,,,,,,blocked,False,False,,,,,,,,
sf_bq233,A_sf,GITHUB_REPOS,blocked_snowflake_no_creds,snowflake,,blocked_snowflake,,False,,,,,,,,,blocked,False,False,,,,,,,,
sf_bq248,A_sf,GITHUB_REPOS,blocked_snowflake_no_creds,snowflake,,blocked_snowflake,,False,,,,,,,,,blocked,False,False,,,,,,,,
sf_bq193,A_sf,GITHUB_REPOS,blocked_snowflake_no_creds,snowflake,,blocked_snowflake,,False,,,,,,,,,blocked,False,False,,,,,,,,
sf_bq295,A_sf,GITHUB_REPOS_DATE,blocked_snowflake_no_creds,snowflake,,blocked_snowflake,,False,,,,,,,,,blocked,False,False,,,,,,,,
sf_bq249,A_sf,GITHUB_REPOS,blocked_snowflake_no_creds,snowflake,,blocked_snowflake,,False,,,,,,,,,blocked,False,False,,,,,,,,
sf_bq375,A_sf,GITHUB_REPOS,blocked_snowflake_no_creds,snowflake,,blocked_snowflake,,False,,,,,,,,,blocked,False,False,,,,,,,,
sf_bq255,A_sf,GITHUB_REPOS,blocked_snowflake_no_creds,snowflake,,blocked_snowflake,,False,,,,,,,,,blocked,False,False,,,,,,,,
sf_bq194,A_sf,GITHUB_REPOS,blocked_snowflake_no_creds,snowflake,,blocked_snowflake,,False,,,,,,,,,blocked,False,False,,,,,,,,
sf_bq377,A_sf,GITHUB_REPOS,blocked_snowflake_no_creds,snowflake,,blocked_snowflake,,False,,,,,,,,,blocked,False,False,,,,,,,,
sf_bq359,A_sf,GITHUB_REPOS,blocked_snowflake_no_creds,snowflake,,blocked_snowflake,,False,,,,,,,,,blocked,False,False,,,,,,,,
sf_bq252,A_sf,GITHUB_REPOS,blocked_snowflake_no_creds,snowflake,,blocked_snowflake,,False,,,,,,,,,blocked,False,False,,,,,,,,
sf_bq251,A_sf,PYPI,blocked_snowflake_no_creds,snowflake,,blocked_snowflake,,False,,,,,,,,,blocked,False,False,,,,,,,,
bq019,A_bq,cms_data,bq_creds_and_dataset_match,bigquery,C0_anchor,dry_run,True,True,False,2,1,False,True,True,False,0,BadRequest,False,False,0.0,False,0,0,0,1,11799.25,190
bq234,A_bq,cms_data,bq_creds_and_dataset_match,bigquery,C0_anchor,dry_run,True,True,False,1,2,False,True,False,False,0,NotFound,False,False,0.0,False,0,0,0,1,4559.18,70
bq235,A_bq,cms_data,bq_creds_and_dataset_match,bigquery,C0_anchor,dry_run,True,True,False,0,1,True,False,False,False,0,BadRequest,False,False,0.0,False,0,0,0,1,7966.2,127
bq172,A_bq,cms_data,bq_creds_and_dataset_match,bigquery,C0_anchor,dry_run,True,True,False,1,2,False,True,False,False,0,BadRequest,False,False,0.0,False,0,0,0,1,5548.71,86
bq177,A_bq,cms_data,bq_creds_and_dataset_match,bigquery,C0_anchor,dry_run,True,True,False,4,6,True,True,True,False,0,BadRequest,False,False,0.0,False,0,0,0,1,19546.06,318
bq354,A_bq,cms_data,bq_creds_and_dataset_match,bigquery,C0_anchor,dry_run,True,True,False,3,4,True,True,False,False,0,NotFound,False,False,0.0,False,0,0,0,1,13581.17,219
bq355,A_bq,cms_data,bq_creds_and_dataset_match,bigquery,C0_anchor,dry_run,True,True,False,1,2,False,False,False,False,0,NotFound,False,False,0.0,False,0,0,0,1,4104.4,63
bq032,A_bq,noaa_data,bq_creds_and_dataset_match,bigquery,C0_anchor,dry_run,True,True,False,0,6,False,False,True,False,0,BadRequest,False,False,0.0,False,0,0,0,1,6346.71,98
bq119,A_bq,noaa_data,bq_creds_and_dataset_match,bigquery,C0_anchor,execute,True,True,False,1,1,False,True,False,True,3,,False,False,0.0,False,0,144703488,144172175,1,6723.51,104
sf_bq117,A_sf,NOAA_DATA,blocked_snowflake_no_creds,snowflake,,blocked_snowflake,,False,,,,,,,,,blocked,False,False,,,,,,,,
bq419,A_bq,noaa_data,bq_creds_and_dataset_match,bigquery,C0_anchor,execute,True,True,False,3,3,False,True,False,False,0,BadRequest,False,False,0.0,False,0,0,0,1,10684.25,170
sf_bq071,A_sf,NOAA_DATA_PLUS,blocked_snowflake_no_creds,snowflake,,blocked_snowflake,,False,,,,,,,,,blocked,False,False,,,,,,,,
sf_bq236,A_sf,NOAA_DATA_PLUS,blocked_snowflake_no_creds,snowflake,,blocked_snowflake,,False,,,,,,,,,blocked,False,False,,,,,,,,
bq356,A_bq,noaa_data,bq_creds_and_dataset_match,bigquery,C0_anchor,execute,True,True,False,4,0,True,True,True,True,1,,False,False,0.0,False,0,10485760,79078,1,19654.19,317
bq042,A_bq,noaa_data,bq_creds_and_dataset_match,bigquery,C0_anchor,dry_run,True,True,False,8,0,False,False,False,False,0,BadRequest,False,False,0.0,False,0,0,0,1,49036.78,800
bq394,A_bq,noaa_data,bq_creds_and_dataset_match,bigquery,C0_anchor,dry_run,True,True,False,2,6,True,True,False,False,0,BadRequest,False,False,0.0,False,0,0,0,1,21225.95,344
bq357,A_bq,noaa_data,bq_creds_and_dataset_match,bigquery,C0_anchor,dry_run,True,True,False,1,5,False,True,False,False,0,Forbidden,False,False,0.0,False,0,0,0,1,7090.05,111
bq181,A_bq,noaa_data,bq_creds_and_dataset_match,bigquery,C0_anchor,execute,True,True,False,4,2,True,True,False,True,1,,False,False,0.0,False,0,160432128,159787960,1,20092.04,325
bq045,A_bq,noaa_data,bq_creds_and_dataset_match,bigquery,C0_anchor,dry_run,True,True,False,4,1,True,True,True,False,0,BadRequest,False,False,0.0,False,0,0,0,1,17663.51,285
sf_bq358,A_sf,NEW_YORK_CITIBIKE_1,blocked_snowflake_no_creds,snowflake,,blocked_snowflake,,False,,,,,,,,,blocked,False,False,,,,,,,,
bq290,A_bq,noaa_data,bq_creds_and_dataset_match,bigquery,C0_anchor,dry_run,False,True,False,0,0,False,False,False,False,0,BadRequest,False,False,0.0,False,0,0,0,1,49026.99,800
bq031,A_bq,noaa_data,bq_creds_and_dataset_match,bigquery,C0_anchor,dry_run,False,True,False,0,0,False,False,False,False,0,BadRequest,False,False,0.0,False,0,0,0,1,49136.74,800
bq392,A_bq,noaa_gsod,bq_creds_and_dataset_match,bigquery,C0_anchor,execute,True,True,False,1,2,False,True,False,True,3,,False,False,0.0,False,0,109051904,108748590,1,5499.9,85
sf_bq050,A_sf,NEW_YORK_CITIBIKE_1,blocked_snowflake_no_creds,snowflake,,blocked_snowflake,,False,,,,,,,,,blocked,False,False,,,,,,,,
sf_bq426,A_sf,NEW_YORK_CITIBIKE_1,blocked_snowflake_no_creds,snowflake,,blocked_snowflake,,False,,,,,,,,,blocked,False,False,,,,,,,,
sf_bq291,A_sf,NOAA_GLOBAL_FORECAST_SYSTEM,blocked_snowflake_no_creds,snowflake,,blocked_snowflake,,False,,,,,,,,,blocked,False,False,,,,,,,,
bq208,A_bq,new_york_noaa,bq_creds_and_dataset_match,bigquery,C0_anchor,dry_run,True,True,False,1,0,False,False,False,False,0,NotFound,False,False,0.0,False,0,0,0,1,8957.09,142
bq047,A_bq,new_york_noaa,bq_creds_and_dataset_match,bigquery,C0_anchor,dry_run,False,True,False,0,0,False,False,False,False,0,BadRequest,False,False,0.0,False,0,0,0,1,49104.87,800
bq048,A_bq,new_york_noaa,bq_creds_and_dataset_match,bigquery,C0_anchor,dry_run,True,True,False,5,5,True,True,False,False,0,NotFound,False,False,0.0,False,0,0,0,1,23477.12,383
bq293,A_bq,new_york_geo,bq_creds_and_dataset_match,bigquery,C0_anchor,dry_run,False,True,False,0,0,False,False,False,False,0,BadRequest,False,False,0.0,False,0,0,0,1,49155.46,800
sf_bq017,A_sf,GEO_OPENSTREETMAP,blocked_snowflake_no_creds,snowflake,,blocked_snowflake,,False,,,,,,,,,blocked,False,False,,,,,,,,
sf_bq131,A_sf,GEO_OPENSTREETMAP,blocked_snowflake_no_creds,snowflake,,blocked_snowflake,,False,,,,,,,,,blocked,False,False,,,,,,,,
sf_bq349,A_sf,GEO_OPENSTREETMAP,blocked_snowflake_no_creds,snowflake,,blocked_snowflake,,False,,,,,,,,,blocked,False,False,,,,,,,,
sf_bq007,A_sf,CENSUS_BUREAU_ACS_2,blocked_snowflake_no_creds,snowflake,,blocked_snowflake,,False,,,,,,,,,blocked,False,False,,,,,,,,
sf_bq429,A_sf,CENSUS_BUREAU_ACS_2,blocked_snowflake_no_creds,snowflake,,blocked_snowflake,,False,,,,,,,,,blocked,False,False,,,,,,,,
sf_bq073,A_sf,CENSUS_BUREAU_ACS_2,blocked_snowflake_no_creds,snowflake,,blocked_snowflake,,False,,,,,,,,,blocked,False,False,,,,,,,,
sf_bq410,A_sf,CENSUS_BUREAU_ACS_2,blocked_snowflake_no_creds,snowflake,,blocked_snowflake,,False,,,,,,,,,blocked,False,False,,,,,,,,
sf_bq348,A_sf,GEO_OPENSTREETMAP,blocked_snowflake_no_creds,snowflake,,blocked_snowflake,,False,,,,,,,,,blocked,False,False,,,,,,,,
sf_bq253,A_sf,GEO_OPENSTREETMAP,blocked_snowflake_no_creds,snowflake,,blocked_snowflake,,False,,,,,,,,,blocked,False,False,,,,,,,,
sf_bq254,A_sf,GEO_OPENSTREETMAP,blocked_snowflake_no_creds,snowflake,,blocked_snowflake,,False,,,,,,,,,blocked,False,False,,,,,,,,
sf_bq056,A_sf,GEO_OPENSTREETMAP_BOUNDARIES,blocked_snowflake_no_creds,snowflake,,blocked_snowflake,,False,,,,,,,,,blocked,False,False,,,,,,,,
sf_bq289,A_sf,GEO_OPENSTREETMAP_CENSUS_PLACES,blocked_snowflake_no_creds,snowflake,,blocked_snowflake,,False,,,,,,,,,blocked,False,False,,,,,,,,
sf_bq250,A_sf,GEO_OPENSTREETMAP_WORLDPOP,blocked_snowflake_no_creds,snowflake,,blocked_snowflake,,False,,,,,,,,,blocked,False,False,,,,,,,,
sf_bq083,A_sf,CRYPTO,blocked_snowflake_no_creds,snowflake,,blocked_snowflake,,False,,,,,,,,,blocked,False,False,,,,,,,,
sf_bq184,A_sf,CRYPTO,blocked_snowflake_no_creds,snowflake,,blocked_snowflake,,False,,,,,,,,,blocked,False,False,,,,,,,,
sf_bq195,A_sf,CRYPTO,blocked_snowflake_no_creds,snowflake,,blocked_snowflake,,False,,,,,,,,,blocked,False,False,,,,,,,,
sf_bq256,A_sf,CRYPTO,blocked_snowflake_no_creds,snowflake,,blocked_snowflake,,False,,,,,,,,,blocked,False,False,,,,,,,,
sf_bq080,A_sf,CRYPTO,blocked_snowflake_no_creds,snowflake,,blocked_snowflake,,False,,,,,,,,,blocked,False,False,,,,,,,,
sf_bq342,A_sf,CRYPTO,blocked_snowflake_no_creds,snowflake,,blocked_snowflake,,False,,,,,,,,,blocked,False,False,,,,,,,,
sf_bq341,A_sf,CRYPTO,blocked_snowflake_no_creds,snowflake,,blocked_snowflake,,False,,,,,,,,,blocked,False,False,,,,,,,,
sf_bq444,A_sf,CRYPTO,blocked_snowflake_no_creds,snowflake,,blocked_snowflake,,False,,,,,,,,,blocked,False,False,,,,,,,,
sf_bq340,A_sf,CRYPTO,blocked_snowflake_no_creds,snowflake,,blocked_snowflake,,False,,,,,,,,,blocked,False,False,,,,,,,,
sf_bq005,A_sf,CRYPTO,blocked_snowflake_no_creds,snowflake,,blocked_snowflake,,False,,,,,,,,,blocked,False,False,,,,,,,,
sf_bq334,A_sf,CRYPTO,blocked_snowflake_no_creds,snowflake,,blocked_snowflake,,False,,,,,,,,,blocked,False,False,,,,,,,,
sf_bq335,A_sf,CRYPTO,blocked_snowflake_no_creds,snowflake,,blocked_snowflake,,False,,,,,,,,,blocked,False,False,,,,,,,,
sf_bq057,A_sf,CRYPTO,blocked_snowflake_no_creds,snowflake,,blocked_snowflake,,False,,,,,,,,,blocked,False,False,,,,,,,,
sf_bq068,A_sf,CRYPTO,blocked_snowflake_no_creds,snowflake,,blocked_snowflake,,False,,,,,,,,,blocked,False,False,,,,,,,,
sf_bq092,A_sf,CRYPTO,blocked_snowflake_no_creds,snowflake,,blocked_snowflake,,False,,,,,,,,,blocked,False,False,,,,,,,,
sf_bq093,A_sf,CRYPTO,blocked_snowflake_no_creds,snowflake,,blocked_snowflake,,False,,,,,,,,,blocked,False,False,,,,,,,,
sf_bq292,A_sf,CRYPTO,blocked_snowflake_no_creds,snowflake,,blocked_snowflake,,False,,,,,,,,,blocked,False,False,,,,,,,,
sf_bq135,A_sf,CRYPTO,blocked_snowflake_no_creds,snowflake,,blocked_snowflake,,False,,,,,,,,,blocked,False,False,,,,,,,,
sf_bq136,A_sf,CRYPTO,blocked_snowflake_no_creds,snowflake,,blocked_snowflake,,False,,,,,,,,,blocked,False,False,,,,,,,,
sf_bq065,A_sf,CRYPTO,blocked_snowflake_no_creds,snowflake,,blocked_snowflake,,False,,,,,,,,,blocked,False,False,,,,,,,,
sf_bq037,A_sf,HUMAN_GENOME_VARIANTS,blocked_snowflake_no_creds,snowflake,,blocked_snowflake,,False,,,,,,,,,blocked,False,False,,,,,,,,
sf_bq012,A_sf,ETHEREUM_BLOCKCHAIN,blocked_snowflake_no_creds,snowflake,,blocked_snowflake,,False,,,,,,,,,blocked,False,False,,,,,,,,
sf_bq187,A_sf,ETHEREUM_BLOCKCHAIN,blocked_snowflake_no_creds,snowflake,,blocked_snowflake,,False,,,,,,,,,blocked,False,False,,,,,,,,
sf_bq450,A_sf,ETHEREUM_BLOCKCHAIN,blocked_snowflake_no_creds,snowflake,,blocked_snowflake,,False,,,,,,,,,blocked,False,False,,,,,,,,
bq034,A_bq,ghcn_d,bq_creds_and_dataset_match,bigquery,C0_anchor,dry_run,True,True,False,1,3,False,False,False,False,0,NotFound,False,False,0.0,False,0,0,0,1,4566.11,73
bq383,A_bq,ghcn_d,bq_creds_and_dataset_match,bigquery,C0_anchor,dry_run,True,True,False,0,1,True,True,False,False,0,BadRequest,False,False,0.0,False,0,0,0,1,20640.62,338
bq051,A_bq,new_york_ghcn,bq_creds_and_dataset_match,bigquery,C0_anchor,dry_run,True,True,False,6,4,True,True,False,False,0,Forbidden,False,False,0.0,False,0,0,0,1,31824.77,522
bq038,A_bq,new_york,bq_creds_and_dataset_match,bigquery,C0_anchor,dry_run,True,True,False,2,1,True,True,False,False,0,BadRequest,False,False,0.0,False,0,0,0,1,16338.78,265
bq053,A_bq,new_york,bq_creds_and_dataset_match,bigquery,C0_anchor,dry_run,True,True,True,0,0,True,True,True,False,0,BadRequest,False,False,0.0,False,0,0,0,1,13350.95,215
bq054,A_bq,new_york,bq_creds_and_dataset_match,bigquery,C0_anchor,dry_run,True,True,False,0,1,False,True,False,False,0,BadRequest,False,False,0.0,False,0,0,0,1,9528.25,152
bq021,A_bq,new_york,bq_creds_and_dataset_match,bigquery,C0_anchor,execute,True,True,False,2,0,True,True,False,False,0,InternalServerError,False,False,0.0,False,0,0,0,1,13689.65,221
bq202,A_bq,new_york_plus,bq_creds_and_dataset_match,bigquery,C0_anchor,execute,True,True,False,0,3,False,True,False,True,1,,False,False,0.0,False,0,425721856,424869768,1,7335.45,117
bq185,A_bq,new_york_plus,bq_creds_and_dataset_match,bigquery,C0_anchor,dry_run,True,True,False,0,1,False,False,True,False,0,BadRequest,False,False,0.0,False,0,0,0,1,10660.84,171
bq040,A_bq,new_york_plus,bq_creds_and_dataset_match,bigquery,C0_anchor,dry_run,True,True,False,2,5,False,True,False,False,0,BadRequest,False,False,0.0,False,0,0,0,1,26828.06,434
bq098,A_bq,new_york_plus,bq_creds_and_dataset_match,bigquery,C0_anchor,execute,True,True,True,0,0,True,True,True,False,0,InternalServerError,False,False,0.0,False,0,0,0,1,17916.39,289
bq039,A_bq,new_york_plus,bq_creds_and_dataset_match,bigquery,C0_anchor,dry_run,True,True,True,0,0,True,False,False,False,0,BadRequest,False,False,0.0,False,0,0,0,1,24964.94,407
bq203,A_bq,new_york_plus,bq_creds_and_dataset_match,bigquery,C0_anchor,execute,True,True,False,2,3,False,True,False,True,5,,False,False,0.0,False,0,10485760,19181,1,10700.75,172
bq035,A_bq,san_francisco,bq_creds_and_dataset_match,bigquery,C0_anchor,execute,True,True,True,0,0,True,True,False,True,74,,False,False,0.0,False,0,20971520,15738960,1,6071.54,96
bq186,A_bq,san_francisco,bq_creds_and_dataset_match,bigquery,C0_anchor,execute,True,True,False,0,1,False,True,False,True,37,,False,False,0.0,False,0,16777216,15738368,1,8043.65,128
bq081,A_bq,san_francisco_plus,bq_creds_and_dataset_match,bigquery,C0_anchor,dry_run,True,True,True,0,0,True,False,False,False,0,BadRequest,False,False,0.0,False,0,0,0,1,10060.85,162
sf_bq294,A_sf,SAN_FRANCISCO_PLUS,blocked_snowflake_no_creds,snowflake,,blocked_snowflake,,False,,,,,,,,,blocked,False,False,,,,,,,,
bq339,A_bq,san_francisco_plus,bq_creds_and_dataset_match,bigquery,C0_anchor,execute,True,True,False,0,2,False,True,False,True,1,,False,False,0.0,False,0,48234496,47291830,1,8849.79,141
bq400,A_bq,san_francisco_plus,bq_creds_and_dataset_match,bigquery,C0_anchor,dry_run,True,True,True,0,0,True,True,False,False,0,BadRequest,False,False,0.0,False,0,0,0,1,12744.8,205
bq059,A_bq,san_francisco_plus,bq_creds_and_dataset_match,bigquery,C0_anchor,dry_run,True,True,False,0,3,False,False,True,False,0,BadRequest,False,False,0.0,False,0,0,0,1,6142.0,97
bq376,A_bq,san_francisco_plus,bq_creds_and_dataset_match,bigquery,C0_anchor,dry_run,True,True,True,0,0,True,True,False,False,0,BadRequest,False,False,0.0,False,0,0,0,1,11230.32,181
sf_bq014,A_sf,THELOOK_ECOMMERCE,blocked_snowflake_no_creds,snowflake,,blocked_snowflake,,False,,,,,,,,,blocked,False,False,,,,,,,,
sf_bq188,A_sf,THELOOK_ECOMMERCE,blocked_snowflake_no_creds,snowflake,,blocked_snowflake,,False,,,,,,,,,blocked,False,False,,,,,,,,
sf_bq258,A_sf,THELOOK_ECOMMERCE,blocked_snowflake_no_creds,snowflake,,blocked_snowflake,,False,,,,,,,,,blocked,False,False,,,,,,,,
sf_bq259,A_sf,THELOOK_ECOMMERCE,blocked_snowflake_no_creds,snowflake,,blocked_snowflake,,False,,,,,,,,,blocked,False,False,,,,,,,,
sf_bq189,A_sf,THELOOK_ECOMMERCE,blocked_snowflake_no_creds,snowflake,,blocked_snowflake,,False,,,,,,,,,blocked,False,False,,,,,,,,
sf_bq260,A_sf,THELOOK_ECOMMERCE,blocked_snowflake_no_creds,snowflake,,blocked_snowflake,,False,,,,,,,,,blocked,False,False,,,,,,,,
sf_bq261,A_sf,THELOOK_ECOMMERCE,blocked_snowflake_no_creds,snowflake,,blocked_snowflake,,False,,,,,,,,,blocked,False,False,,,,,,,,
sf_bq262,A_sf,THELOOK_ECOMMERCE,blocked_snowflake_no_creds,snowflake,,blocked_snowflake,,False,,,,,,,,,blocked,False,False,,,,,,,,
sf_bq190,A_sf,THELOOK_ECOMMERCE,blocked_snowflake_no_creds,snowflake,,blocked_snowflake,,False,,,,,,,,,blocked,False,False,,,,,,,,
sf_bq263,A_sf,THELOOK_ECOMMERCE,blocked_snowflake_no_creds,snowflake,,blocked_snowflake,,False,,,,,,,,,blocked,False,False,,,,,,,,
sf_bq264,A_sf,THELOOK_ECOMMERCE,blocked_snowflake_no_creds,snowflake,,blocked_snowflake,,False,,,,,,,,,blocked,False,False,,,,,,,,
sf_bq197,A_sf,THELOOK_ECOMMERCE,blocked_snowflake_no_creds,snowflake,,blocked_snowflake,,False,,,,,,,,,blocked,False,False,,,,,,,,
sf_bq265,A_sf,THELOOK_ECOMMERCE,blocked_snowflake_no_creds,snowflake,,blocked_snowflake,,False,,,,,,,,,blocked,False,False,,,,,,,,
sf_bq266,A_sf,THELOOK_ECOMMERCE,blocked_snowflake_no_creds,snowflake,,blocked_snowflake,,False,,,,,,,,,blocked,False,False,,,,,,,,
sf_bq333,A_sf,THELOOK_ECOMMERCE,blocked_snowflake_no_creds,snowflake,,blocked_snowflake,,False,,,,,,,,,blocked,False,False,,,,,,,,
sf_bq361,A_sf,THELOOK_ECOMMERCE,blocked_snowflake_no_creds,snowflake,,blocked_snowflake,,False,,,,,,,,,blocked,False,False,,,,,,,,
sf_bq271,A_sf,THELOOK_ECOMMERCE,blocked_snowflake_no_creds,snowflake,,blocked_snowflake,,False,,,,,,,,,blocked,False,False,,,,,,,,
sf_bq272,A_sf,THELOOK_ECOMMERCE,blocked_snowflake_no_creds,snowflake,,blocked_snowflake,,False,,,,,,,,,blocked,False,False,,,,,,,,
sf_bq273,A_sf,THELOOK_ECOMMERCE,blocked_snowflake_no_creds,snowflake,,blocked_snowflake,,False,,,,,,,,,blocked,False,False,,,,,,,,
sf_bq020,A_sf,GENOMICS_CANNABIS,blocked_snowflake_no_creds,snowflake,,blocked_snowflake,,False,,,,,,,,,blocked,False,False,,,,,,,,
sf_bq107,A_sf,GENOMICS_CANNABIS,blocked_snowflake_no_creds,snowflake,,blocked_snowflake,,False,,,,,,,,,blocked,False,False,,,,,,,,
bq025,A_bq,census_bureau_international,bq_creds_and_dataset_match,bigquery,C0_anchor,dry_run,True,True,False,0,1,True,True,False,False,0,BadRequest,False,False,0.0,False,0,0,0,1,21588.47,350
bq115,A_bq,census_bureau_international,bq_creds_and_dataset_match,bigquery,C0_anchor,dry_run,True,True,False,0,1,True,True,False,False,0,BadRequest,False,False,0.0,False,0,0,0,1,13277.61,213
bq030,A_bq,covid19_open_data,bq_creds_and_dataset_match,bigquery,C0_anchor,execute,True,True,False,0,1,False,False,False,True,3,,False,False,0.0,False,0,0,561491504,1,6422.8,100
bq018,A_bq,covid19_open_data,bq_creds_and_dataset_match,bigquery,C0_anchor,execute,True,True,False,0,1,False,True,False,True,0,,False,False,0.0,False,0,0,530752976,1,7138.67,112
bq086,A_bq,covid19_open_world_bank,bq_creds_and_dataset_match,bigquery,C0_anchor,dry_run,True,True,True,0,0,True,False,False,False,0,Forbidden,False,False,0.0,False,0,0,0,1,6518.65,102
bq085,A_bq,covid19_jhu_world_bank,bq_creds_and_dataset_match,bigquery,C0_anchor,dry_run,True,True,False,1,0,True,True,False,False,0,Forbidden,False,False,0.0,False,0,0,0,1,11746.94,181
bq130,A_bq,covid19_nyt,bq_creds_and_dataset_match,bigquery,C0_anchor,dry_run,True,True,False,2,4,True,True,True,False,0,BadRequest,False,False,0.0,False,0,0,0,1,29388.55,484
bq087,A_bq,covid19_symptom_search,bq_creds_and_dataset_match,bigquery,C0_anchor,dry_run,True,True,False,1,2,False,True,False,False,0,BadRequest,False,False,0.0,False,0,0,0,1,17434.71,283
bq088,A_bq,covid19_symptom_search,bq_creds_and_dataset_match,bigquery,C0_anchor,dry_run,True,True,False,3,7,False,True,True,False,0,BadRequest,False,False,0.0,False,0,0,0,1,28292.51,462
bq089,A_bq,covid19_usa,bq_creds_and_dataset_match,bigquery,C0_anchor,dry_run,True,True,False,1,2,False,False,False,False,0,BadRequest,False,False,0.0,False,0,0,0,1,4721.74,71
bq407,A_bq,covid19_usa,bq_creds_and_dataset_match,bigquery,C0_anchor,dry_run,True,True,False,2,0,True,False,False,False,0,NotFound,False,False,0.0,False,0,0,0,1,17274.05,276
bq137,A_bq,census_bureau_usa,bq_creds_and_dataset_match,bigquery,C0_anchor,dry_run,True,True,True,0,0,True,True,False,False,0,BadRequest,False,False,0.0,False,0,0,0,1,11750.86,189
bq060,A_bq,census_bureau_international,bq_creds_and_dataset_match,bigquery,C0_anchor,execute,True,True,True,0,0,True,False,False,True,3,,False,False,0.0,False,0,0,471139,1,6532.68,102
bq338,A_bq,census_bureau_acs_1,bq_creds_and_dataset_match,bigquery,C0_anchor,dry_run,True,True,False,1,9,False,True,True,False,0,NotFound,False,False,0.0,False,0,0,0,1,17906.27,287
bq061,A_bq,census_bureau_acs_1,bq_creds_and_dataset_match,bigquery,C0_anchor,dry_run,True,True,False,0,1,False,False,False,False,0,BadRequest,False,False,0.0,False,0,0,0,1,3286.26,47
bq064,A_bq,census_bureau_acs_1,bq_creds_and_dataset_match,bigquery,C0_anchor,dry_run,True,True,False,4,1,True,True,False,False,0,Forbidden,False,False,0.0,False,0,0,0,1,17390.61,276
bq461,A_bq,ncaa_basketball,bq_creds_and_dataset_match,bigquery,C0_anchor,dry_run,True,True,True,0,0,True,False,False,False,0,BadRequest,False,False,0.0,False,0,0,0,1,9303.3,148
bq198,A_bq,ncaa_basketball,bq_creds_and_dataset_match,bigquery,C0_anchor,execute,True,True,False,0,1,False,True,True,True,5,,False,False,0.0,False,0,10485760,2459017,1,8707.87,139
bq462,A_bq,ncaa_basketball,bq_creds_and_dataset_match,bigquery,C0_anchor,dry_run,True,True,False,4,1,False,False,False,False,0,BadRequest,False,False,0.0,False,0,0,0,1,26378.25,428
bq427,A_bq,ncaa_basketball,bq_creds_and_dataset_match,bigquery,C0_anchor,dry_run,True,True,False,0,3,False,True,False,False,0,BadRequest,False,False,0.0,False,0,0,0,1,12210.7,194
bq428,A_bq,ncaa_basketball,bq_creds_and_dataset_match,bigquery,C0_anchor,dry_run,True,True,True,0,0,True,True,False,False,0,BadRequest,False,False,0.0,False,0,0,0,1,15104.01,242
bq144,A_bq,ncaa_insights,bq_creds_and_dataset_match,bigquery,C0_anchor,dry_run,True,True,False,2,2,True,False,False,False,0,BadRequest,False,False,0.0,False,0,0,0,1,29213.1,473
bq113,A_bq,bls,bq_creds_and_dataset_match,bigquery,C0_anchor,dry_run,True,True,False,1,1,True,True,True,False,0,BadRequest,False,False,0.0,False,0,0,0,1,16272.26,261
bq112,A_bq,bls,bq_creds_and_dataset_match,bigquery,C0_anchor,dry_run,True,True,True,0,0,True,False,False,False,0,BadRequest,False,False,0.0,False,0,0,0,1,13391.34,214
bq055,A_bq,google_dei,bq_creds_and_dataset_match,bigquery,C0_anchor,dry_run,True,True,False,0,3,False,True,True,False,0,BadRequest,False,False,0.0,False,0,0,0,1,34218.04,561
bq075,A_bq,google_dei,bq_creds_and_dataset_match,bigquery,C0_anchor,dry_run,True,True,False,0,1,True,False,False,False,0,BadRequest,False,False,0.0,False,0,0,0,1,14280.98,232
bq406,A_bq,google_dei,bq_creds_and_dataset_match,bigquery,C0_anchor,dry_run,True,True,False,1,5,False,True,True,False,0,BadRequest,False,False,0.0,False,0,0,0,1,12660.67,202
sf_bq084,A_sf,GOOG_BLOCKCHAIN,blocked_snowflake_no_creds,snowflake,,blocked_snowflake,,False,,,,,,,,,blocked,False,False,,,,,,,,
sf_bq058,A_sf,GOOG_BLOCKCHAIN,blocked_snowflake_no_creds,snowflake,,blocked_snowflake,,False,,,,,,,,,blocked,False,False,,,,,,,,
sf_bq416,A_sf,GOOG_BLOCKCHAIN,blocked_snowflake_no_creds,snowflake,,blocked_snowflake,,False,,,,,,,,,blocked,False,False,,,,,,,,
sf_bq226,A_sf,GOOG_BLOCKCHAIN,blocked_snowflake_no_creds,snowflake,,blocked_snowflake,,False,,,,,,,,,blocked,False,False,,,,,,,,
sf_bq016,A_sf,DEPS_DEV_V1,blocked_snowflake_no_creds,snowflake,,blocked_snowflake,,False,,,,,,,,,blocked,False,False,,,,,,,,
sf_bq062,A_sf,DEPS_DEV_V1,blocked_snowflake_no_creds,snowflake,,blocked_snowflake,,False,,,,,,,,,blocked,False,False,,,,,,,,
sf_bq063,A_sf,DEPS_DEV_V1,blocked_snowflake_no_creds,snowflake,,blocked_snowflake,,False,,,,,,,,,blocked,False,False,,,,,,,,
sf_bq028,A_sf,DEPS_DEV_V1,blocked_snowflake_no_creds,snowflake,,blocked_snowflake,,False,,,,,,,,,blocked,False,False,,,,,,,,
bq022,A_bq,chicago,bq_creds_and_dataset_match,bigquery,C0_anchor,dry_run,True,True,True,0,0,False,False,False,False,0,BadRequest,False,False,0.0,False,0,0,0,1,6741.69,110
bq362,A_bq,chicago,bq_creds_and_dataset_match,bigquery,C0_anchor,execute,True,True,False,2,3,False,True,False,False,0,InternalServerError,False,False,0.0,False,0,0,0,1,11188.8,184
bq363,A_bq,chicago,bq_creds_and_dataset_match,bigquery,C0_anchor,dry_run,True,True,False,0,1,False,True,False,False,0,BadRequest,False,False,0.0,False,0,0,0,1,6882.08,112
bq076,A_bq,chicago,bq_creds_and_dataset_match,bigquery,C0_anchor,dry_run,True,True,True,0,0,False,True,False,False,0,BadRequest,False,False,0.0,False,0,0,0,1,3716.95,60
bq077,A_bq,chicago,bq_creds_and_dataset_match,bigquery,C0_anchor,execute,True,True,False,0,1,False,True,False,True,84,,False,False,0.0,False,0,240123904,239990008,1,6553.9,107
sf_bq350,A_sf,OPEN_TARGETS_PLATFORM_1,blocked_snowflake_no_creds,snowflake,,blocked_snowflake,,False,,,,,,,,,blocked,False,False,,,,,,,,
sf_bq379,A_sf,OPEN_TARGETS_PLATFORM_1,blocked_snowflake_no_creds,snowflake,,blocked_snowflake,,False,,,,,,,,,blocked,False,False,,,,,,,,
sf_bq078,A_sf,OPEN_TARGETS_PLATFORM_2,blocked_snowflake_no_creds,snowflake,,blocked_snowflake,,False,,,,,,,,,blocked,False,False,,,,,,,,
sf_bq095,A_sf,OPEN_TARGETS_PLATFORM_1,blocked_snowflake_no_creds,snowflake,,blocked_snowflake,,False,,,,,,,,,blocked,False,False,,,,,,,,
bq109,A_bq,open_targets_genetics_1,bq_creds_and_dataset_match,bigquery,C0_anchor,dry_run,True,True,False,0,3,False,False,True,False,0,Forbidden,False,False,0.0,False,0,0,0,1,14848.33,239
sf_bq325,A_sf,OPEN_TARGETS_GENETICS_2,blocked_snowflake_no_creds,snowflake,,blocked_snowflake,,False,,,,,,,,,blocked,False,False,,,,,,,,
bq090,A_bq,CYMBAL_INVESTMENTS,bq_creds_and_dataset_match,bigquery,C0_anchor,dry_run,True,True,True,0,0,True,False,False,False,0,BadRequest,False,False,0.0,False,0,0,0,1,10721.04,177
bq442,A_bq,CYMBAL_INVESTMENTS,bq_creds_and_dataset_match,bigquery,C0_anchor,execute,True,True,True,0,0,False,False,False,True,6,,False,False,0.0,False,0,97517568,97049087,1,8332.67,136
bq079,A_bq,usfs_fia,bq_creds_and_dataset_match,bigquery,C0_anchor,dry_run,True,True,False,4,2,True,True,True,False,0,NotFound,False,False,0.0,False,0,0,0,1,40527.67,662
bq024,A_bq,usfs_fia,bq_creds_and_dataset_match,bigquery,C0_anchor,dry_run,True,True,False,1,0,True,True,False,False,0,NotFound,False,False,0.0,False,0,0,0,1,10160.19,163
bq220,A_bq,usfs_fia,bq_creds_and_dataset_match,bigquery,C0_anchor,dry_run,True,True,False,0,2,False,True,False,False,0,BadRequest,False,False,0.0,False,0,0,0,1,9431.81,150
bq096,A_bq,gbif,bq_creds_and_dataset_match,bigquery,C0_anchor,execute,True,True,True,0,0,False,True,True,False,0,InternalServerError,False,False,0.0,False,0,0,0,1,6341.08,103
sf_bq276,A_sf,NOAA_PORTS,blocked_snowflake_no_creds,snowflake,,blocked_snowflake,,False,,,,,,,,,blocked,False,False,,,,,,,,
bq277,A_bq,noaa_ports,bq_creds_and_dataset_match,bigquery,C0_anchor,dry_run,True,True,False,1,0,True,True,False,False,0,Forbidden,False,False,0.0,False,0,0,0,1,9619.08,153
bq278,A_bq,sunroof_solar,bq_creds_and_dataset_match,bigquery,C0_anchor,execute,True,True,True,0,0,False,True,False,True,139,,False,False,0.0,False,0,20971520,5814237,1,25959.93,425
bq102,A_bq,gnomAD,bq_creds_and_dataset_match,bigquery,C0_anchor,dry_run,True,True,False,0,1,False,False,False,False,0,BadRequest,False,False,0.0,False,0,0,0,1,7364.39,114
bq445,A_bq,gnomAD,bq_creds_and_dataset_match,bigquery,C0_anchor,dry_run,True,True,False,2,4,False,False,True,False,0,BadRequest,False,False,0.0,False,0,0,0,1,14789.84,235
bq103,A_bq,gnomAD,bq_creds_and_dataset_match,bigquery,C0_anchor,dry_run,True,True,False,0,1,False,False,False,False,0,BadRequest,False,False,0.0,False,0,0,0,1,8711.86,135
sf_bq104,A_sf,GOOGLE_TRENDS,blocked_snowflake_no_creds,snowflake,,blocked_snowflake,,False,,,,,,,,,blocked,False,False,,,,,,,,
sf_bq411,A_sf,GOOGLE_TRENDS,blocked_snowflake_no_creds,snowflake,,blocked_snowflake,,False,,,,,,,,,blocked,False,False,,,,,,,,
bq105,A_bq,nhtsa_traffic_fatalities_plus,bq_creds_and_dataset_match,bigquery,C0_anchor,dry_run,True,True,False,2,1,True,True,False,False,0,BadRequest,False,False,0.0,False,0,0,0,1,38756.43,636
bq108,A_bq,nhtsa_traffic_fatalities,bq_creds_and_dataset_match,bigquery,C0_anchor,dry_run,True,True,False,1,0,True,False,False,False,0,NotFound,False,False,0.0,False,0,0,0,1,9727.47,156
bq067,A_bq,nhtsa_traffic_fatalities,bq_creds_and_dataset_match,bigquery,C0_anchor,dry_run,True,True,False,1,4,True,True,False,False,0,NotFound,False,False,0.0,False,0,0,0,1,23668.21,382
bq396,A_bq,nhtsa_traffic_fatalities,bq_creds_and_dataset_match,bigquery,C0_anchor,dry_run,True,True,False,0,1,True,True,False,False,0,BadRequest,False,False,0.0,False,0,0,0,1,9822.04,157
bq441,A_bq,nhtsa_traffic_fatalities,bq_creds_and_dataset_match,bigquery,C0_anchor,execute,True,True,True,0,0,False,False,False,True,200,,False,False,0.0,False,0,10485760,2499617,1,4702.18,72
bq097,A_bq,sdoh,bq_creds_and_dataset_match,bigquery,C0_anchor,dry_run,True,True,False,0,2,False,True,False,False,0,BadRequest,False,False,0.0,False,0,0,0,1,5745.03,88
bq120,A_bq,sdoh,bq_creds_and_dataset_match,bigquery,C0_anchor,dry_run,True,True,False,3,1,True,True,False,False,0,NotFound,False,False,0.0,False,0,0,0,1,19201.26,308
bq110,A_bq,sdoh,bq_creds_and_dataset_match,bigquery,C0_anchor,dry_run,True,True,False,1,5,False,True,False,False,0,NotFound,False,False,0.0,False,0,0,0,1,6695.77,103
bq395,A_bq,sdoh,bq_creds_and_dataset_match,bigquery,C0_anchor,execute,True,True,False,3,4,True,True,False,True,5,,False,False,0.0,False,0,0,4847348,1,14401.61,229
bq352,A_bq,sdoh,bq_creds_and_dataset_match,bigquery,C0_anchor,dry_run,True,True,False,2,0,True,False,False,False,0,NotFound,False,False,0.0,False,0,0,0,1,7517.85,117
bq074,A_bq,sdoh,bq_creds_and_dataset_match,bigquery,C0_anchor,dry_run,True,True,False,1,6,False,True,True,False,0,BadRequest,False,False,0.0,False,0,0,0,1,12523.32,199
bq066,A_bq,sdoh,bq_creds_and_dataset_match,bigquery,C0_anchor,dry_run,True,True,False,1,0,True,True,False,False,0,Forbidden,False,False,0.0,False,0,0,0,1,10028.22,158
bq114,A_bq,openaq,bq_creds_and_dataset_match,bigquery,C0_anchor,dry_run,True,True,False,1,1,True,False,False,False,0,NotFound,False,False,0.0,False,0,0,0,1,13787.89,223
bq116,A_bq,sec_quarterly_financials,bq_creds_and_dataset_match,bigquery,C0_anchor,execute,True,True,False,0,1,True,True,False,False,0,InternalServerError,False,False,0.0,False,0,0,0,1,10535.0,169
sf_bq015,A_sf,STACKOVERFLOW_PLUS,blocked_snowflake_no_creds,snowflake,,blocked_snowflake,,False,,,,,,,,,blocked,False,False,,,,,,,,
bq041,A_bq,stackoverflow,bq_creds_and_dataset_match,bigquery,C0_anchor,dry_run,True,True,False,4,1,True,True,False,False,0,BadRequest,False,False,0.0,False,0,0,0,1,31929.82,524
sf_bq121,A_sf,STACKOVERFLOW,blocked_snowflake_no_creds,snowflake,,blocked_snowflake,,False,,,,,,,,,blocked,False,False,,,,,,,,
bq123,A_bq,stackoverflow,bq_creds_and_dataset_match,bigquery,C0_anchor,dry_run,True,True,False,3,5,True,True,True,False,0,BadRequest,False,False,0.0,False,0,0,0,1,14894.51,243
bq280,A_bq,stackoverflow,bq_creds_and_dataset_match,bigquery,C0_anchor,execute,True,True,True,0,0,True,True,False,True,1,,False,False,0.0,False,0,907018240,906790771,1,4228.84,67
bq300,A_bq,stackoverflow,bq_creds_and_dataset_match,bigquery,C0_anchor,execute,True,True,True,0,0,False,False,False,True,1,,False,False,0.0,False,0,817889280,817706334,1,2661.85,41
bq301,A_bq,stackoverflow,bq_creds_and_dataset_match,bigquery,C0_anchor,dry_run,True,True,True,0,0,True,False,False,False,0,BadRequest,False,False,0.0,False,0,0,0,1,14402.18,233
bq302,A_bq,stackoverflow,bq_creds_and_dataset_match,bigquery,C0_anchor,execute,True,True,False,0,1,False,True,False,True,0,,False,False,0.0,False,0,817889280,817706334,1,5743.02,92
bq303,A_bq,stackoverflow,bq_creds_and_dataset_match,bigquery,C0_anchor,execute,True,True,True,0,0,True,False,False,False,0,InternalServerError,False,False,0.0,False,0,0,0,1,27046.41,441
bq304,A_bq,stackoverflow,bq_creds_and_dataset_match,bigquery,C0_anchor,dry_run,True,True,False,5,3,True,False,False,False,0,BadRequest,False,False,0.0,False,0,0,0,1,24112.18,392
bq310,A_bq,stackoverflow,bq_creds_and_dataset_match,bigquery,C0_anchor,dry_run,True,True,True,0,0,False,False,False,False,0,BadRequest,False,False,0.0,False,0,0,0,1,5746.43,90
bq305,A_bq,stackoverflow,bq_creds_and_dataset_match,bigquery,C0_anchor,dry_run,True,True,False,3,1,True,True,True,False,0,BadRequest,False,False,0.0,False,0,0,0,1,21817.46,355
bq306,A_bq,stackoverflow,bq_creds_and_dataset_match,bigquery,C0_anchor,dry_run,True,True,False,0,1,True,True,False,False,0,BadRequest,False,False,0.0,False,0,0,0,1,11934.6,192
sf_bq307,A_sf,STACKOVERFLOW,blocked_snowflake_no_creds,snowflake,,blocked_snowflake,,False,,,,,,,,,blocked,False,False,,,,,,,,
bq308,A_bq,stackoverflow,bq_creds_and_dataset_match,bigquery,C0_anchor,dry_run,True,True,False,3,1,True,True,False,False,0,NotFound,False,False,0.0,False,0,0,0,1,16807.53,275
bq309,A_bq,stackoverflow,bq_creds_and_dataset_match,bigquery,C0_anchor,execute,True,True,True,0,0,True,True,True,False,0,InternalServerError,False,False,0.0,False,0,0,0,1,15514.25,252
bq124,A_bq,fhir_synthea,bq_creds_and_dataset_match,bigquery,C0_anchor,dry_run,True,True,False,1,0,True,False,False,False,0,NotFound,False,False,0.0,False,0,0,0,1,9515.03,153
bq391,A_bq,fhir_synthea,bq_creds_and_dataset_match,bigquery,C0_anchor,dry_run,True,True,False,4,4,True,True,True,False,0,NotFound,False,False,0.0,False,0,0,0,1,12982.27,210
bq126,A_bq,the_met,bq_creds_and_dataset_match,bigquery,C0_anchor,execute,True,True,True,0,0,True,False,False,True,38,,False,False,0.0,False,0,53477376,53160600,1,6452.3,102
bq366,A_bq,the_met,bq_creds_and_dataset_match,bigquery,C0_anchor,execute,True,True,False,0,1,True,True,False,True,199,,False,False,0.0,False,0,20971520,13539690,1,7044.27,112
bq414,A_bq,the_met,bq_creds_and_dataset_match,bigquery,C0_anchor,execute,True,True,True,0,0,True,False,False,True,4,,False,False,0.0,False,0,20971520,16680083,1,7593.55,121
bq200,A_bq,mlb,bq_creds_and_dataset_match,bigquery,C0_anchor,dry_run,True,True,False,3,0,True,True,False,False,0,NotFound,False,False,0.0,False,0,0,0,1,15075.27,243
sf_bq458,A_sf,WORD_VECTORS_US,blocked_snowflake_no_creds,snowflake,,blocked_snowflake,,False,,,,,,,,,blocked,False,False,,,,,,,,
sf_bq459,A_sf,WORD_VECTORS_US,blocked_snowflake_no_creds,snowflake,,blocked_snowflake,,False,,,,,,,,,blocked,False,False,,,,,,,,
sf_bq460,A_sf,WORD_VECTORS_US,blocked_snowflake_no_creds,snowflake,,blocked_snowflake,,False,,,,,,,,,blocked,False,False,,,,,,,,
bq204,A_bq,eclipse_megamovie,bq_creds_and_dataset_match,bigquery,C0_anchor,execute,True,True,False,0,2,False,True,True,True,1,,False,False,0.0,False,0,31457280,4601084,1,8682.29,138
bq389,A_bq,epa_historical_air_quality,bq_creds_and_dataset_match,bigquery,C0_anchor,dry_run,True,True,False,0,1,False,True,False,False,0,BadRequest,False,False,0.0,False,0,0,0,1,15248.11,247
sf_bq345,A_sf,IDC,blocked_snowflake_no_creds,snowflake,,blocked_snowflake,,False,,,,,,,,,blocked,False,False,,,,,,,,
sf_bq346,A_sf,IDC,blocked_snowflake_no_creds,snowflake,,blocked_snowflake,,False,,,,,,,,,blocked,False,False,,,,,,,,
sf_bq347,A_sf,IDC,blocked_snowflake_no_creds,snowflake,,blocked_snowflake,,False,,,,,,,,,blocked,False,False,,,,,,,,
sf_bq390,A_sf,IDC,blocked_snowflake_no_creds,snowflake,,blocked_snowflake,,False,,,,,,,,,blocked,False,False,,,,,,,,
sf_bq421,A_sf,IDC,blocked_snowflake_no_creds,snowflake,,blocked_snowflake,,False,,,,,,,,,blocked,False,False,,,,,,,,
sf_bq422,A_sf,IDC,blocked_snowflake_no_creds,snowflake,,blocked_snowflake,,False,,,,,,,,,blocked,False,False,,,,,,,,
sf_bq069,A_sf,IDC,blocked_snowflake_no_creds,snowflake,,blocked_snowflake,,False,,,,,,,,,blocked,False,False,,,,,,,,
sf_bq219,A_sf,IOWA_LIQUOR_SALES,blocked_snowflake_no_creds,snowflake,,blocked_snowflake,,False,,,,,,,,,blocked,False,False,,,,,,,,
bq199,A_bq,iowa_liquor_sales,bq_creds_and_dataset_match,bigquery,C0_anchor,execute,True,True,False,1,3,False,True,False,False,0,InternalServerError,False,False,0.0,False,0,0,0,1,13375.84,221
bq218,A_bq,iowa_liquor_sales,bq_creds_and_dataset_match,bigquery,C0_anchor,dry_run,True,True,False,2,1,True,True,False,False,0,NotFound,False,False,0.0,False,0,0,0,1,13121.26,217
bq049,A_bq,iowa_liquor_sales_plus,bq_creds_and_dataset_match,bigquery,C0_anchor,dry_run,True,True,False,3,2,True,True,True,False,0,BadRequest,False,False,0.0,False,0,0,0,1,20598.14,340
bq360,A_bq,nppes,bq_creds_and_dataset_match,bigquery,C0_anchor,dry_run,True,True,False,3,2,True,True,False,False,0,NotFound,False,False,0.0,False,0,0,0,1,14409.98,237
bq286,A_bq,usa_names,bq_creds_and_dataset_match,bigquery,C0_anchor,execute,True,True,False,0,1,False,False,False,True,0,,False,False,0.0,False,0,171966464,171432506,1,5412.03,89
sf_bq044,A_sf,TCGA,blocked_snowflake_no_creds,snowflake,,blocked_snowflake,,False,,,,,,,,,blocked,False,False,,,,,,,,
sf_bq043,A_sf,TCGA,blocked_snowflake_no_creds,snowflake,,blocked_snowflake,,False,,,,,,,,,blocked,False,False,,,,,,,,
bq143,A_bq,CPTAC_PDC,bq_creds_and_dataset_match,bigquery,C0_anchor,dry_run,False,True,False,0,0,False,False,False,False,0,BadRequest,False,False,0.0,False,0,0,0,1,11173.77,178
sf_bq147,A_sf,TCGA,blocked_snowflake_no_creds,snowflake,,blocked_snowflake,,False,,,,,,,,,blocked,False,False,,,,,,,,
sf_bq148,A_sf,TCGA,blocked_snowflake_no_creds,snowflake,,blocked_snowflake,,False,,,,,,,,,blocked,False,False,,,,,,,,
sf_bq175,A_sf,TCGA_MITELMAN,blocked_snowflake_no_creds,snowflake,,blocked_snowflake,,False,,,,,,,,,blocked,False,False,,,,,,,,
sf_bq176,A_sf,TCGA_MITELMAN,blocked_snowflake_no_creds,snowflake,,blocked_snowflake,,False,,,,,,,,,blocked,False,False,,,,,,,,
sf_bq170,A_sf,TCGA_MITELMAN,blocked_snowflake_no_creds,snowflake,,blocked_snowflake,,False,,,,,,,,,blocked,False,False,,,,,,,,
sf_bq150,A_sf,TCGA_HG19_DATA_V0,blocked_snowflake_no_creds,snowflake,,blocked_snowflake,,False,,,,,,,,,blocked,False,False,,,,,,,,
sf_bq152,A_sf,TCGA_HG38_DATA_V0,blocked_snowflake_no_creds,snowflake,,blocked_snowflake,,False,,,,,,,,,blocked,False,False,,,,,,,,
sf_bq155,A_sf,TCGA_HG38_DATA_V0,blocked_snowflake_no_creds,snowflake,,blocked_snowflake,,False,,,,,,,,,blocked,False,False,,,,,,,,
sf_bq141,A_sf,TCGA_HG38_DATA_V0,blocked_snowflake_no_creds,snowflake,,blocked_snowflake,,False,,,,,,,,,blocked,False,False,,,,,,,,
bq046,A_bq,TCGA_bioclin_v0,bq_creds_and_dataset_match,bigquery,C0_anchor,dry_run,True,True,True,0,0,True,False,False,False,0,NotFound,False,False,0.0,False,0,0,0,1,9439.34,151
sf_bq153,A_sf,PANCANCER_ATLAS_1,blocked_snowflake_no_creds,snowflake,,blocked_snowflake,,False,,,,,,,,,blocked,False,False,,,,,,,,
sf_bq154,A_sf,PANCANCER_ATLAS_1,blocked_snowflake_no_creds,snowflake,,blocked_snowflake,,False,,,,,,,,,blocked,False,False,,,,,,,,
sf_bq156,A_sf,PANCANCER_ATLAS_1,blocked_snowflake_no_creds,snowflake,,blocked_snowflake,,False,,,,,,,,,blocked,False,False,,,,,,,,
sf_bq157,A_sf,PANCANCER_ATLAS_1,blocked_snowflake_no_creds,snowflake,,blocked_snowflake,,False,,,,,,,,,blocked,False,False,,,,,,,,
sf_bq158,A_sf,PANCANCER_ATLAS_1,blocked_snowflake_no_creds,snowflake,,blocked_snowflake,,False,,,,,,,,,blocked,False,False,,,,,,,,
sf_bq159,A_sf,PANCANCER_ATLAS_1,blocked_snowflake_no_creds,snowflake,,blocked_snowflake,,False,,,,,,,,,blocked,False,False,,,,,,,,
bq161,A_bq,pancancer_atlas_2,bq_creds_and_dataset_match,bigquery,C0_anchor,execute,True,True,True,0,0,True,False,False,False,0,InternalServerError,False,False,0.0,False,0,0,0,1,10455.19,168
bq151,A_bq,pancancer_atlas_2,bq_creds_and_dataset_match,bigquery,C0_anchor,execute,True,True,False,0,2,True,True,True,False,0,InternalServerError,False,False,0.0,False,0,0,0,1,19661.82,320
bq162,A_bq,HTAN_1,bq_creds_and_dataset_match,bigquery,C0_anchor,dry_run,False,True,False,0,0,False,False,False,False,0,BadRequest,False,False,0.0,False,0,0,0,1,13146.16,212
sf_bq163,A_sf,HTAN_2,blocked_snowflake_no_creds,snowflake,,blocked_snowflake,,False,,,,,,,,,blocked,False,False,,,,,,,,
sf_bq164,A_sf,HTAN_2,blocked_snowflake_no_creds,snowflake,,blocked_snowflake,,False,,,,,,,,,blocked,False,False,,,,,,,,
sf_bq166,A_sf,TCGA_MITELMAN,blocked_snowflake_no_creds,snowflake,,blocked_snowflake,,False,,,,,,,,,blocked,False,False,,,,,,,,
bq165,A_bq,mitelman,bq_creds_and_dataset_match,bigquery,C0_anchor,dry_run,False,True,False,0,0,False,False,False,False,0,BadRequest,False,False,0.0,False,0,0,0,1,48763.09,800
bq169,A_bq,mitelman,bq_creds_and_dataset_match,bigquery,C0_anchor,dry_run,True,True,True,0,0,True,False,False,False,0,BadRequest,False,False,0.0,False,0,0,0,1,38449.99,631
bq111,A_bq,mitelman,bq_creds_and_dataset_match,bigquery,C0_anchor,dry_run,True,True,False,0,2,True,True,False,False,0,BadRequest,False,False,0.0,False,0,0,0,1,11752.41,189
sf_bq451,A_sf,_1000_GENOMES,blocked_snowflake_no_creds,snowflake,,blocked_snowflake,,False,,,,,,,,,blocked,False,False,,,,,,,,
sf_bq452,A_sf,_1000_GENOMES,blocked_snowflake_no_creds,snowflake,,blocked_snowflake,,False,,,,,,,,,blocked,False,False,,,,,,,,
sf_bq453,A_sf,_1000_GENOMES,blocked_snowflake_no_creds,snowflake,,blocked_snowflake,,False,,,,,,,,,blocked,False,False,,,,,,,,
sf_bq454,A_sf,_1000_GENOMES,blocked_snowflake_no_creds,snowflake,,blocked_snowflake,,False,,,,,,,,,blocked,False,False,,,,,,,,
sf_bq415,A_sf,HUMAN_GENOME_VARIANTS,blocked_snowflake_no_creds,snowflake,,blocked_snowflake,,False,,,,,,,,,blocked,False,False,,,,,,,,
bq279,A_bq,austin,bq_creds_and_dataset_match,bigquery,C0_anchor,dry_run,True,True,True,0,0,False,True,False,False,0,BadRequest,False,False,0.0,False,0,0,0,1,7201.94,115
bq281,A_bq,austin,bq_creds_and_dataset_match,bigquery,C0_anchor,dry_run,True,True,True,0,0,False,False,False,False,0,BadRequest,False,False,0.0,False,0,0,0,1,6240.76,99
bq282,A_bq,austin,bq_creds_and_dataset_match,bigquery,C0_anchor,dry_run,True,True,False,0,1,True,True,False,False,0,BadRequest,False,False,0.0,False,0,0,0,1,9477.5,152
bq006,A_bq,austin,bq_creds_and_dataset_match,bigquery,C0_anchor,dry_run,True,True,False,2,3,False,True,False,False,0,BadRequest,False,False,0.0,False,0,0,0,1,9222.44,148
sf_bq283,A_sf,AUSTIN,blocked_snowflake_no_creds,snowflake,,blocked_snowflake,,False,,,,,,,,,blocked,False,False,,,,,,,,
bq284,A_bq,bbc,bq_creds_and_dataset_match,bigquery,C0_anchor,execute,True,True,True,0,0,False,True,False,True,5,,False,False,0.0,False,0,10485760,4992626,1,5844.71,96
bq413,A_bq,dimensions_ai_covid19,bq_creds_and_dataset_match,bigquery,C0_anchor,dry_run,True,True,False,1,0,True,False,False,False,0,NotFound,False,False,0.0,False,0,0,0,1,6795.26,107
bq425,A_bq,ebi_chembl,bq_creds_and_dataset_match,bigquery,C0_anchor,dry_run,True,True,False,5,0,True,True,False,False,0,NotFound,False,False,0.0,False,0,0,0,1,11148.83,181
bq430,A_bq,ebi_chembl,bq_creds_and_dataset_match,bigquery,C0_anchor,dry_run,True,True,False,4,8,True,True,True,False,0,BadRequest,False,False,0.0,False,0,0,0,1,46923.4,764
bq023,A_bq,fec,bq_creds_and_dataset_match,bigquery,C0_anchor,dry_run,True,True,False,1,0,True,True,False,False,0,NotFound,False,False,0.0,False,0,0,0,1,7892.16,123
bq094,A_bq,fec,bq_creds_and_dataset_match,bigquery,C0_anchor,dry_run,False,True,False,0,0,False,False,False,False,0,BadRequest,False,False,0.0,False,0,0,0,1,10909.37,172
bq287,A_bq,fda,bq_creds_and_dataset_match,bigquery,C0_anchor,dry_run,True,True,False,1,0,True,True,False,False,0,Forbidden,False,False,0.0,False,0,0,0,1,8767.75,140
bq432,A_bq,fda,bq_creds_and_dataset_match,bigquery,C0_anchor,execute,True,True,True,0,0,False,False,False,True,183,,False,False,0.0,False,0,40894464,40707182,1,14333.25,230
bq285,A_bq,fda,bq_creds_and_dataset_match,bigquery,C0_anchor,execute,True,True,True,0,0,False,True,False,True,0,,False,False,0.0,False,0,10485760,305932,1,2840.62,42
bq288,A_bq,fda,bq_creds_and_dataset_match,bigquery,C0_anchor,dry_run,True,True,False,0,1,False,True,True,False,0,BadRequest,False,False,0.0,False,0,0,0,1,8893.88,142
sf_bq412,A_sf,GOOGLE_ADS,blocked_snowflake_no_creds,snowflake,,blocked_snowflake,,False,,,,,,,,,blocked,False,False,,,,,,,,
sf_bq423,A_sf,GOOGLE_ADS,blocked_snowflake_no_creds,snowflake,,blocked_snowflake,,False,,,,,,,,,blocked,False,False,,,,,,,,
sf_bq070,A_sf,IDC,blocked_snowflake_no_creds,snowflake,,blocked_snowflake,,False,,,,,,,,,blocked,False,False,,,,,,,,
sf_bq320,A_sf,IDC,blocked_snowflake_no_creds,snowflake,,blocked_snowflake,,False,,,,,,,,,blocked,False,False,,,,,,,,
sf_bq321,A_sf,IDC,blocked_snowflake_no_creds,snowflake,,blocked_snowflake,,False,,,,,,,,,blocked,False,False,,,,,,,,
sf_bq323,A_sf,IDC,blocked_snowflake_no_creds,snowflake,,blocked_snowflake,,False,,,,,,,,,blocked,False,False,,,,,,,,
sf_bq417,A_sf,IDC,blocked_snowflake_no_creds,snowflake,,blocked_snowflake,,False,,,,,,,,,blocked,False,False,,,,,,,,
sf_bq455,A_sf,IDC,blocked_snowflake_no_creds,snowflake,,blocked_snowflake,,False,,,,,,,,,blocked,False,False,,,,,,,,
sf_bq456,A_sf,IDC,blocked_snowflake_no_creds,snowflake,,blocked_snowflake,,False,,,,,,,,,blocked,False,False,,,,,,,,
sf_bq324,A_sf,IDC,blocked_snowflake_no_creds,snowflake,,blocked_snowflake,,False,,,,,,,,,blocked,False,False,,,,,,,,
bq418,A_bq,targetome_reactome,bq_creds_and_dataset_match,bigquery,C0_anchor,dry_run,False,True,False,0,0,False,False,False,False,0,BadRequest,False,False,0.0,False,0,0,0,1,48744.62,800
bq330,A_bq,fda,bq_creds_and_dataset_match,bigquery,C0_anchor,dry_run,True,True,False,0,1,True,True,True,False,0,BadRequest,False,False,0.0,False,0,0,0,1,10876.49,174
bq398,A_bq,world_bank,bq_creds_and_dataset_match,bigquery,C0_anchor,execute,True,True,False,0,1,True,True,False,True,0,,False,False,0.0,False,0,175112192,175104254,1,6359.44,99
bq399,A_bq,world_bank,bq_creds_and_dataset_match,bigquery,C0_anchor,dry_run,True,True,False,0,1,True,True,False,False,0,BadRequest,False,False,0.0,False,0,0,0,1,13714.36,220
bq457,A_bq,libraries_io,bq_creds_and_dataset_match,bigquery,C0_anchor,dry_run,True,True,True,0,0,True,False,False,False,0,BadRequest,False,False,0.0,False,0,0,0,1,13352.34,215
bq227,A_bq,london,bq_creds_and_dataset_match,bigquery,C0_anchor,execute,True,True,True,0,0,False,True,True,True,5,,False,False,0.0,False,0,516947968,516115584,1,6805.6,111
bq232,A_bq,london,bq_creds_and_dataset_match,bigquery,C0_anchor,execute,True,True,True,0,0,False,True,False,True,9,,False,False,0.0,False,0,930086912,929391192,1,4629.01,75
bq228,A_bq,london,bq_creds_and_dataset_match,bigquery,C0_anchor,execute,True,True,False,0,1,False,True,False,True,3,,False,False,0.0,False,0,522190848,521200440,1,4441.96,72
bq229,A_bq,open_images,bq_creds_and_dataset_match,bigquery,C0_anchor,execute,True,True,True,0,0,False,False,False,False,0,InternalServerError,False,False,0.0,False,0,0,0,1,9057.73,149
bq230,A_bq,usda_nass_agriculture,bq_creds_and_dataset_match,bigquery,C0_anchor,execute,True,True,True,0,0,False,True,False,True,51,,False,False,0.0,False,0,602931200,602367984,1,8649.09,138
bq326,A_bq,world_bank,bq_creds_and_dataset_match,bigquery,C0_anchor,dry_run,True,True,True,0,0,True,False,False,False,0,BadRequest,False,False,0.0,False,0,0,0,1,11842.53,191
bq424,A_bq,world_bank,bq_creds_and_dataset_match,bigquery,C0_anchor,dry_run,True,True,False,0,1,True,True,False,False,0,BadRequest,False,False,0.0,False,0,0,0,1,8678.3,137
bq327,A_bq,world_bank,bq_creds_and_dataset_match,bigquery,C0_anchor,dry_run,True,True,False,1,0,False,False,False,False,0,NotFound,False,False,0.0,False,0,0,0,1,3031.51,44
bq328,A_bq,world_bank,bq_creds_and_dataset_match,bigquery,C0_anchor,dry_run,True,True,False,1,1,True,True,False,False,0,BadRequest,False,False,0.0,False,0,0,0,1,6788.04,106
sf_bq331,A_sf,META_KAGGLE,blocked_snowflake_no_creds,snowflake,,blocked_snowflake,,False,,,,,,,,,blocked,False,False,,,,,,,,
sf_bq380,A_sf,META_KAGGLE,blocked_snowflake_no_creds,snowflake,,blocked_snowflake,,False,,,,,,,,,blocked,False,False,,,,,,,,
sf_bq370,A_sf,WIDE_WORLD_IMPORTERS,blocked_snowflake_no_creds,snowflake,,blocked_snowflake,,False,,,,,,,,,blocked,False,False,,,,,,,,
sf_bq371,A_sf,WIDE_WORLD_IMPORTERS,blocked_snowflake_no_creds,snowflake,,blocked_snowflake,,False,,,,,,,,,blocked,False,False,,,,,,,,
sf_bq372,A_sf,WIDE_WORLD_IMPORTERS,blocked_snowflake_no_creds,snowflake,,blocked_snowflake,,False,,,,,,,,,blocked,False,False,,,,,,,,
sf_bq373,A_sf,WIDE_WORLD_IMPORTERS,blocked_snowflake_no_creds,snowflake,,blocked_snowflake,,False,,,,,,,,,blocked,False,False,,,,,,,,
bq393,A_bq,hacker_news,bq_creds_and_dataset_match,bigquery,C0_anchor,dry_run,True,True,False,3,6,False,True,False,False,0,BadRequest,False,False,0.0,False,0,0,0,1,16909.93,280
bq403,A_bq,irs_990,bq_creds_and_dataset_match,bigquery,C0_anchor,dry_run,True,True,False,0,1,False,True,False,False,0,BadRequest,False,False,0.0,False,0,0,0,1,6273.86,96
bq397,A_bq,ecommerce,bq_creds_and_dataset_match,bigquery,C0_anchor,execute,True,True,False,3,0,True,True,False,True,8,,False,False,0.0,False,0,10485760,1895409,1,11745.82,189
bq402,A_bq,ecommerce,bq_creds_and_dataset_match,bigquery,C0_anchor,dry_run,True,True,False,2,0,True,False,False,False,0,BadRequest,False,False,0.0,False,0,0,0,1,8217.99,130
sf_bq160,A_sf,META_KAGGLE,blocked_snowflake_no_creds,snowflake,,blocked_snowflake,,False,,,,,,,,,blocked,False,False,,,,,,,,
sf_bq167,A_sf,META_KAGGLE,blocked_snowflake_no_creds,snowflake,,blocked_snowflake,,False,,,,,,,,,blocked,False,False,,,,,,,,
sf_bq171,A_sf,META_KAGGLE,blocked_snowflake_no_creds,snowflake,,blocked_snowflake,,False,,,,,,,,,blocked,False,False,,,,,,,,
sf_bq118,A_sf,DEATH,blocked_snowflake_no_creds,snowflake,,blocked_snowflake,,False,,,,,,,,,blocked,False,False,,,,,,,,
sf_bq072,A_sf,DEATH,blocked_snowflake_no_creds,snowflake,,blocked_snowflake,,False,,,,,,,,,blocked,False,False,,,,,,,,
ga001,A_bq,ga4,bq_creds_and_dataset_match,bigquery,C0_anchor,dry_run,True,True,False,1,1,True,True,False,False,0,BadRequest,False,False,0.0,False,0,0,0,1,6785.09,107
ga002,A_bq,ga4,bq_creds_and_dataset_match,bigquery,C0_anchor,dry_run,True,True,False,2,3,True,True,False,False,0,BadRequest,False,False,0.0,False,0,0,0,1,19658.79,319
ga003,A_bq,firebase,bq_creds_and_dataset_match,bigquery,C0_anchor,execute,True,True,False,1,1,False,True,False,True,0,,False,False,0.0,False,0,10485760,2553310,1,5548.3,87
ga004,A_bq,ga4,bq_creds_and_dataset_match,bigquery,C0_anchor,dry_run,True,True,False,3,2,True,True,True,False,0,BadRequest,False,False,0.0,False,0,0,0,1,14716.56,238
ga008,A_bq,ga4,bq_creds_and_dataset_match,bigquery,C0_anchor,dry_run,True,True,False,3,0,True,False,False,False,0,BadRequest,False,False,0.0,False,0,0,0,1,12010.18,193
ga017,A_bq,ga4,bq_creds_and_dataset_match,bigquery,C0_anchor,dry_run,True,True,False,1,0,False,True,False,False,0,NotFound,False,False,0.0,False,0,0,0,1,4969.08,77
ga007,A_bq,ga4,bq_creds_and_dataset_match,bigquery,C0_anchor,execute,True,True,True,0,0,False,False,False,True,1,,False,False,0.0,False,0,14680064,14559481,1,8782.8,139
ga013,A_bq,ga4,bq_creds_and_dataset_match,bigquery,C0_anchor,execute,True,True,True,0,0,False,False,False,True,0,,False,False,0.0,False,0,10485760,8291265,1,10829.3,173
ga018,A_bq,ga4,bq_creds_and_dataset_match,bigquery,C0_anchor,dry_run,True,True,False,3,0,True,False,False,False,0,BadRequest,False,False,0.0,False,0,0,0,1,23393.47,380
ga032,A_bq,ga4,bq_creds_and_dataset_match,bigquery,C0_anchor,execute,True,True,False,2,3,True,False,False,True,0,,False,False,0.0,False,0,12582912,11817017,1,19389.14,314
ga031,A_bq,ga4,bq_creds_and_dataset_match,bigquery,C0_anchor,dry_run,True,True,False,4,0,True,True,False,False,0,BadRequest,False,False,0.0,False,0,0,0,1,19327.34,314
ga006,A_bq,ga4,bq_creds_and_dataset_match,bigquery,C0_anchor,execute,True,True,False,0,1,False,True,True,True,0,,False,False,0.0,False,0,10485760,10418449,1,9515.81,152
ga009,A_bq,ga4,bq_creds_and_dataset_match,bigquery,C0_anchor,dry_run,True,True,False,1,1,False,True,False,False,0,BadRequest,False,False,0.0,False,0,0,0,1,7026.98,111
ga010,A_bq,ga4,bq_creds_and_dataset_match,bigquery,C0_anchor,dry_run,True,True,False,1,1,False,True,False,False,0,BadRequest,False,False,0.0,False,0,0,0,1,6319.74,99
ga014,A_bq,ga4,bq_creds_and_dataset_match,bigquery,C0_anchor,dry_run,True,True,False,1,0,False,True,False,False,0,BadRequest,False,False,0.0,False,0,0,0,1,5720.41,89
ga011,A_bq,ga4,bq_creds_and_dataset_match,bigquery,C0_anchor,dry_run,True,True,False,1,4,False,True,False,False,0,BadRequest,False,False,0.0,False,0,0,0,1,7875.11,125
ga012,A_bq,ga4,bq_creds_and_dataset_match,bigquery,C0_anchor,dry_run,True,True,False,0,1,True,True,False,False,0,BadRequest,False,False,0.0,False,0,0,0,1,11934.9,192
ga019,A_bq,firebase,bq_creds_and_dataset_match,bigquery,C0_anchor,dry_run,True,True,False,0,2,False,True,True,False,0,BadRequest,False,False,0.0,False,0,0,0,1,22704.27,370
ga030,A_bq,firebase,bq_creds_and_dataset_match,bigquery,C0_anchor,dry_run,True,True,False,4,5,True,True,False,False,0,BadRequest,False,False,0.0,False,0,0,0,1,16078.27,259
ga005,A_bq,firebase,bq_creds_and_dataset_match,bigquery,C0_anchor,dry_run,True,True,False,3,0,True,True,False,False,0,BadRequest,False,False,0.0,False,0,0,0,1,19604.97,316
ga028,A_bq,firebase,bq_creds_and_dataset_match,bigquery,C0_anchor,dry_run,True,True,False,3,7,True,True,False,False,0,BadRequest,False,False,0.0,False,0,0,0,1,27000.69,436
ga020,A_bq,firebase,bq_creds_and_dataset_match,bigquery,C0_anchor,dry_run,True,True,False,2,0,True,True,False,False,0,BadRequest,False,False,0.0,False,0,0,0,1,17771.4,286
ga021,A_bq,firebase,bq_creds_and_dataset_match,bigquery,C0_anchor,dry_run,True,True,False,3,0,True,True,False,False,0,BadRequest,False,False,0.0,False,0,0,0,1,19929.88,322
ga022,A_bq,firebase,bq_creds_and_dataset_match,bigquery,C0_anchor,dry_run,True,True,False,3,3,True,True,False,False,0,BadRequest,False,False,0.0,False,0,0,0,1,23958.11,389
ga025,A_bq,firebase,bq_creds_and_dataset_match,bigquery,C0_anchor,dry_run,True,True,False,4,0,True,True,False,False,0,BadRequest,False,False,0.0,False,0,0,0,1,19938.71,324
local002,B_sqlite,E_commerce,sqlite_stub_dir_present,sqlite,C0_anchor,execute,True,True,False,1,3,False,True,True,False,0,OperationalError,False,False,0.0,False,0,0,0,1,8634.54,140
local003,B_sqlite,E_commerce,sqlite_stub_dir_present,sqlite,C0_anchor,execute,True,True,False,2,6,True,True,False,False,0,OperationalError,False,False,0.0,False,0,0,0,1,12649.34,205
local004,B_sqlite,E_commerce,sqlite_stub_dir_present,sqlite,C0_anchor,execute,True,True,False,0,1,True,True,False,True,0,,False,False,0.0,False,0,0,0,1,8467.51,137
local007,B_sqlite,Baseball,sqlite_stub_dir_present,sqlite,C0_anchor,execute,True,True,True,0,0,False,False,False,True,1,,False,False,0.0,False,0,0,0,1,8237.25,131
local008,B_sqlite,Baseball,sqlite_stub_dir_present,sqlite,C0_anchor,execute,True,True,False,0,4,True,True,False,False,0,OperationalError,False,False,0.0,False,0,0,0,1,6676.87,108
local009,B_sqlite,Airlines,sqlite_stub_dir_present,sqlite,C0_anchor,execute,True,True,False,0,1,False,False,True,False,0,OperationalError,False,False,0.0,False,0,0,0,1,9046.69,146
local010,B_sqlite,Airlines,sqlite_stub_dir_present,sqlite,C0_anchor,execute,True,True,False,0,5,True,True,True,False,0,OperationalError,False,False,0.0,False,0,0,0,1,16859.43,274
local015,B_sqlite,California_Traffic_Collision,sqlite_stub_dir_present,sqlite,C0_anchor,execute,True,True,True,0,0,True,False,False,True,1,,False,False,0.0,False,0,0,0,1,9983.58,160
local017,B_sqlite,California_Traffic_Collision,sqlite_stub_dir_present,sqlite,C0_anchor,execute,True,True,True,0,0,False,True,False,False,0,OperationalError,False,False,0.0,False,0,0,0,1,1863.78,27
local018,B_sqlite,California_Traffic_Collision,sqlite_stub_dir_present,sqlite,C0_anchor,execute,True,True,True,0,0,True,False,False,True,1,,False,False,0.0,False,0,0,0,1,8351.66,134
local019,B_sqlite,WWE,sqlite_stub_dir_present,sqlite,C0_anchor,execute,True,True,False,1,0,True,False,False,False,0,OperationalError,False,False,0.0,False,0,0,0,1,3586.75,58
local026,B_sqlite,IPL,sqlite_stub_dir_present,sqlite,C0_anchor,execute,True,True,False,0,1,True,True,False,False,0,OperationalError,False,False,0.0,False,0,0,0,1,6749.26,110
local020,B_sqlite,IPL,sqlite_stub_dir_present,sqlite,C0_anchor,execute,True,True,False,0,1,True,True,False,False,0,OperationalError,False,False,0.0,False,0,0,0,1,6384.92,104
local021,B_sqlite,IPL,sqlite_stub_dir_present,sqlite,C0_anchor,execute,True,True,True,0,0,True,False,False,False,0,OperationalError,False,False,0.0,False,0,0,0,1,2892.91,46
local022,B_sqlite,IPL,sqlite_stub_dir_present,sqlite,C0_anchor,execute,True,True,True,0,0,True,False,False,False,0,OperationalError,False,False,0.0,False,0,0,0,1,5130.58,83
local023,B_sqlite,IPL,sqlite_stub_dir_present,sqlite,C0_anchor,execute,True,True,False,0,1,True,True,False,False,0,OperationalError,False,False,0.0,False,0,0,0,1,6103.39,99
local024,B_sqlite,IPL,sqlite_stub_dir_present,sqlite,C0_anchor,execute,True,True,False,0,1,True,True,True,False,0,OperationalError,False,False,0.0,False,0,0,0,1,8720.96,142
local025,B_sqlite,IPL,sqlite_stub_dir_present,sqlite,C0_anchor,execute,True,True,False,0,2,True,True,True,True,1,,False,False,0.0,False,0,0,0,1,6830.53,111
local028,B_sqlite,Brazilian_E_Commerce,sqlite_stub_dir_present,sqlite,C0_anchor,execute,True,True,False,0,1,False,True,False,True,4,,False,False,0.0,False,0,0,0,1,10905.47,178
local031,B_sqlite,Brazilian_E_Commerce,sqlite_stub_dir_present,sqlite,C0_anchor,execute,True,True,False,0,2,False,True,True,False,0,OperationalError,False,False,0.0,False,0,0,0,1,6549.83,106
local029,B_sqlite,Brazilian_E_Commerce,sqlite_stub_dir_present,sqlite,C0_anchor,execute,True,True,False,0,1,True,True,False,True,0,,False,False,0.0,False,0,0,0,1,7762.09,126
local030,B_sqlite,Brazilian_E_Commerce,sqlite_stub_dir_present,sqlite,C0_anchor,execute,True,True,False,0,2,True,True,True,False,0,OperationalError,False,False,0.0,False,0,0,0,1,7461.59,121
local032,B_sqlite,Brazilian_E_Commerce,sqlite_stub_dir_present,sqlite,C0_anchor,execute,True,True,False,0,1,True,True,False,False,0,OperationalError,False,False,0.0,False,0,0,0,1,28926.75,476
local034,B_sqlite,Brazilian_E_Commerce,sqlite_stub_dir_present,sqlite,C0_anchor,execute,True,True,True,0,0,True,True,True,True,0,,False,False,0.0,False,0,0,0,1,8544.73,139
local037,B_sqlite,Brazilian_E_Commerce,sqlite_stub_dir_present,sqlite,C0_anchor,execute,True,True,False,0,1,True,True,False,False,0,OperationalError,False,False,0.0,False,0,0,0,1,7093.64,115
local035,B_sqlite,Brazilian_E_Commerce,sqlite_stub_dir_present,sqlite,C0_anchor,dry_run,False,True,False,0,0,False,False,False,False,0,ParseError,False,False,0.0,False,0,0,0,1,18070.6,295
local038,B_sqlite,Pagila,sqlite_stub_dir_present,sqlite,C0_anchor,execute,True,True,True,0,0,True,True,True,False,0,OperationalError,False,False,0.0,False,0,0,0,1,10643.69,171
local039,B_sqlite,Pagila,sqlite_stub_dir_present,sqlite,C0_anchor,execute,True,True,False,0,1,True,True,False,False,0,OperationalError,False,False,0.0,False,0,0,0,1,9761.05,156
local040,B_sqlite,modern_data,sqlite_stub_dir_present,sqlite,C0_anchor,execute,True,True,True,0,0,True,True,False,True,0,,False,False,0.0,False,0,0,0,1,6480.24,104
local041,B_sqlite,modern_data,sqlite_stub_dir_present,sqlite,C0_anchor,execute,True,True,True,0,0,False,False,False,True,1,,False,False,0.0,False,0,0,0,1,2765.33,43
local049,B_sqlite,modern_data,sqlite_stub_dir_present,sqlite,C0_anchor,execute,True,True,True,0,0,True,True,True,False,0,OperationalError,False,False,0.0,False,0,0,0,1,5373.31,86
local054,B_sqlite,chinook,sqlite_stub_dir_present,sqlite,C0_anchor,execute,True,True,False,0,1,True,True,False,True,0,,False,False,0.0,False,0,0,0,1,4352.84,69
local055,B_sqlite,chinook,sqlite_stub_dir_present,sqlite,C0_anchor,execute,True,True,False,4,3,True,True,False,False,0,OperationalError,False,False,0.0,False,0,0,0,1,21481.18,352
local198,B_sqlite,chinook,sqlite_stub_dir_present,sqlite,C0_anchor,execute,True,True,True,0,0,False,True,True,False,0,OperationalError,False,False,0.0,False,0,0,0,1,9669.75,157
local056,B_sqlite,sqlite-sakila,sqlite_stub_dir_present,sqlite,C0_anchor,execute,True,True,True,0,0,True,True,False,True,1,,False,False,0.0,False,0,0,0,1,2927.2,44
local058,B_sqlite,education_business,sqlite_stub_dir_present,sqlite,C0_anchor,execute,True,True,False,0,1,True,True,False,False,0,OperationalError,False,False,0.0,False,0,0,0,1,11082.25,180
local059,B_sqlite,education_business,sqlite_stub_dir_present,sqlite,C0_anchor,execute,True,True,True,0,0,True,True,False,True,0,,False,False,0.0,False,0,0,0,1,6070.11,97
local060,B_sqlite,complex_oracle,sqlite_stub_dir_present,sqlite,C0_anchor,execute,True,True,False,6,2,True,True,False,False,0,OperationalError,False,False,0.0,False,0,0,0,1,38792.49,634
local063,B_sqlite,complex_oracle,sqlite_stub_dir_present,sqlite,C0_anchor,execute,True,True,False,5,2,True,True,False,False,0,OperationalError,False,False,0.0,False,0,0,0,1,38874.72,637
local061,B_sqlite,complex_oracle,sqlite_stub_dir_present,sqlite,C0_anchor,execute,True,True,True,0,0,True,True,True,False,0,OperationalError,False,False,0.0,False,0,0,0,1,23672.67,387
local050,B_sqlite,complex_oracle,sqlite_stub_dir_present,sqlite,C0_anchor,execute,True,True,False,3,4,True,True,False,False,0,OperationalError,False,False,0.0,False,0,0,0,1,21451.6,350
local062,B_sqlite,complex_oracle,sqlite_stub_dir_present,sqlite,C0_anchor,execute,True,True,False,0,1,True,True,True,False,0,OperationalError,False,False,0.0,False,0,0,0,1,12415.71,202
local067,B_sqlite,complex_oracle,sqlite_stub_dir_present,sqlite,C0_anchor,execute,True,True,False,0,1,True,False,True,False,0,OperationalError,False,False,0.0,False,0,0,0,1,10257.64,165
local070,B_sqlite,city_legislation,sqlite_stub_dir_present,sqlite,C0_anchor,execute,True,True,False,3,1,True,True,True,False,0,OperationalError,False,False,0.0,False,0,0,0,1,22149.44,361
local071,B_sqlite,city_legislation,sqlite_stub_dir_present,sqlite,C0_anchor,execute,True,True,True,0,0,True,True,False,False,0,OperationalError,False,False,0.0,False,0,0,0,1,4512.23,70
local072,B_sqlite,city_legislation,sqlite_stub_dir_present,sqlite,C0_anchor,execute,True,True,False,4,3,True,True,True,False,0,OperationalError,False,False,0.0,False,0,0,0,1,28937.57,473
local068,B_sqlite,city_legislation,sqlite_stub_dir_present,sqlite,C0_anchor,execute,True,True,False,3,6,False,True,False,False,0,OperationalError,False,False,0.0,False,0,0,0,1,17813.6,289
local073,B_sqlite,modern_data,sqlite_stub_dir_present,sqlite,C0_anchor,execute,True,True,True,0,0,True,True,False,False,0,OperationalError,False,False,0.0,False,0,0,0,1,15440.88,252
local066,B_sqlite,modern_data,sqlite_stub_dir_present,sqlite,C0_anchor,execute,True,True,True,0,0,True,True,False,True,2,,False,False,0.0,False,0,0,0,1,3789.48,60
local065,B_sqlite,modern_data,sqlite_stub_dir_present,sqlite,C0_anchor,execute,True,True,True,0,0,True,False,False,False,0,OperationalError,False,False,0.0,False,0,0,0,1,7618.15,123
local074,B_sqlite,bank_sales_trading,sqlite_stub_dir_present,sqlite,C0_anchor,execute,True,True,False,0,1,False,True,False,True,5,,False,False,0.0,False,0,0,0,1,8365.05,135
local064,B_sqlite,bank_sales_trading,sqlite_stub_dir_present,sqlite,C0_anchor,execute,True,True,False,3,2,True,True,False,True,6,,False,False,0.0,False,0,0,0,1,15867.43,258
local297,B_sqlite,bank_sales_trading,sqlite_stub_dir_present,sqlite,C0_anchor,execute,True,True,False,4,6,False,True,True,False,0,OperationalError,False,False,0.0,False,0,0,0,1,20879.86,340
local298,B_sqlite,bank_sales_trading,sqlite_stub_dir_present,sqlite,C0_anchor,execute,True,True,False,3,4,True,True,False,False,0,OperationalError,False,False,0.0,False,0,0,0,1,10025.03,162
local299,B_sqlite,bank_sales_trading,sqlite_stub_dir_present,sqlite,C0_anchor,execute,True,True,False,3,4,False,True,False,True,2,,False,False,0.0,False,0,0,0,1,15912.76,259
local300,B_sqlite,bank_sales_trading,sqlite_stub_dir_present,sqlite,C0_anchor,execute,True,True,False,3,3,True,True,False,False,0,OperationalError,False,False,0.0,False,0,0,0,1,13929.58,227
local075,B_sqlite,bank_sales_trading,sqlite_stub_dir_present,sqlite,C0_anchor,execute,True,True,True,0,0,True,True,False,False,0,OperationalError,False,False,0.0,False,0,0,0,1,9818.79,159
local077,B_sqlite,bank_sales_trading,sqlite_stub_dir_present,sqlite,C0_anchor,execute,True,True,False,4,6,True,True,False,False,0,OperationalError,False,False,0.0,False,0,0,0,1,25835.17,423
local078,B_sqlite,bank_sales_trading,sqlite_stub_dir_present,sqlite,C0_anchor,execute,True,True,True,0,0,True,False,False,False,0,OperationalError,False,False,0.0,False,0,0,0,1,12266.07,199
local081,B_sqlite,northwind,sqlite_stub_dir_present,sqlite,C0_anchor,execute,True,True,False,4,2,True,True,False,False,0,OperationalError,False,False,0.0,False,0,0,0,1,17299.17,283
local085,B_sqlite,northwind,sqlite_stub_dir_present,sqlite,C0_anchor,execute,True,True,False,0,1,True,True,False,True,0,,False,False,0.0,False,0,0,0,1,8346.07,135
local096,B_sqlite,Db-IMDB,sqlite_stub_dir_present,sqlite,C0_anchor,execute,True,True,True,0,0,True,True,False,False,0,OperationalError,False,False,0.0,False,0,0,0,1,10816.78,177
local097,B_sqlite,Db-IMDB,sqlite_stub_dir_present,sqlite,C0_anchor,execute,True,True,False,0,2,False,True,False,True,4,,False,False,0.0,False,0,0,0,1,2356.31,37
local098,B_sqlite,Db-IMDB,sqlite_stub_dir_present,sqlite,C0_anchor,execute,True,True,True,0,0,True,False,False,False,0,OperationalError,False,False,0.0,False,0,0,0,1,5744.28,93
local099,B_sqlite,Db-IMDB,sqlite_stub_dir_present,sqlite,C0_anchor,execute,True,True,True,0,0,True,True,True,True,1,,False,False,0.0,False,0,0,0,1,10080.79,165
local100,B_sqlite,Db-IMDB,sqlite_stub_dir_present,sqlite,C0_anchor,execute,True,True,True,0,0,True,False,True,False,0,OperationalError,False,False,0.0,False,0,0,0,1,8757.25,143
local114,B_sqlite,education_business,sqlite_stub_dir_present,sqlite,C0_anchor,execute,True,True,False,0,1,True,True,True,False,0,OperationalError,False,False,0.0,False,0,0,0,1,11190.13,181
local128,B_sqlite,BowlingLeague,sqlite_stub_dir_present,sqlite,C0_anchor,execute,True,True,True,0,0,True,True,False,True,0,,False,False,0.0,False,0,0,0,1,12159.41,199
local130,B_sqlite,school_scheduling,sqlite_stub_dir_present,sqlite,C0_anchor,dry_run,False,True,False,0,0,False,False,False,False,0,ParseError,False,False,0.0,False,0,0,0,1,20187.55,330
local131,B_sqlite,EntertainmentAgency,sqlite_stub_dir_present,sqlite,C0_anchor,execute,True,True,True,0,0,True,True,False,True,5,,False,False,0.0,False,0,0,0,1,6548.96,105
local133,B_sqlite,EntertainmentAgency,sqlite_stub_dir_present,sqlite,C0_anchor,execute,True,True,False,2,1,True,True,False,True,4,,False,False,0.0,False,0,0,0,1,10878.33,176
local132,B_sqlite,EntertainmentAgency,sqlite_stub_dir_present,sqlite,C0_anchor,execute,True,True,True,0,0,True,False,False,False,0,OperationalError,False,False,0.0,False,0,0,0,1,8688.85,140
local141,B_sqlite,AdventureWorks,sqlite_stub_dir_present,sqlite,C0_anchor,execute,True,True,False,0,1,True,True,False,False,0,OperationalError,False,False,0.0,False,0,0,0,1,6051.18,96
local152,B_sqlite,imdb_movies,sqlite_stub_dir_present,sqlite,C0_anchor,execute,True,True,False,0,2,True,True,False,False,0,OperationalError,False,False,0.0,False,0,0,0,1,10278.4,169
local230,B_sqlite,imdb_movies,sqlite_stub_dir_present,sqlite,C0_anchor,execute,True,True,False,0,1,True,True,False,True,0,,False,False,0.0,False,0,0,0,1,6163.5,101
local156,B_sqlite,bank_sales_trading,sqlite_stub_dir_present,sqlite,C0_anchor,execute,True,True,False,3,4,True,True,True,False,0,OperationalError,False,False,0.0,False,0,0,0,1,17252.36,281
local157,B_sqlite,bank_sales_trading,sqlite_stub_dir_present,sqlite,C0_anchor,execute,True,True,True,0,0,False,False,False,True,0,,False,False,0.0,False,0,0,0,1,33803.57,554
local163,B_sqlite,education_business,sqlite_stub_dir_present,sqlite,C0_anchor,execute,True,True,True,0,0,False,False,True,False,0,OperationalError,False,False,0.0,False,0,0,0,1,5160.49,82
local168,B_sqlite,city_legislation,sqlite_stub_dir_present,sqlite,C0_anchor,execute,True,True,True,0,0,True,True,False,True,0,,False,False,0.0,False,0,0,0,1,5222.89,82
local169,B_sqlite,city_legislation,sqlite_stub_dir_present,sqlite,C0_anchor,execute,True,True,True,0,0,False,True,False,False,0,OperationalError,False,False,0.0,False,0,0,0,1,5648.64,89
local171,B_sqlite,city_legislation,sqlite_stub_dir_present,sqlite,C0_anchor,execute,True,True,False,0,1,True,True,False,False,0,OperationalError,False,False,0.0,False,0,0,0,1,9947.88,160
local167,B_sqlite,city_legislation,sqlite_stub_dir_present,sqlite,C0_anchor,execute,True,True,False,0,1,True,True,False,False,0,OperationalError,False,False,0.0,False,0,0,0,1,5043.02,79
local170,B_sqlite,city_legislation,sqlite_stub_dir_present,sqlite,C0_anchor,execute,True,True,True,0,0,True,False,True,False,0,OperationalError,False,False,0.0,False,0,0,0,1,50148.45,800
local193,B_sqlite,sqlite-sakila,sqlite_stub_dir_present,sqlite,C0_anchor,execute,True,True,False,0,1,False,False,False,False,0,OperationalError,False,False,0.0,False,0,0,0,1,7983.57,127
local194,B_sqlite,sqlite-sakila,sqlite_stub_dir_present,sqlite,C0_anchor,execute,True,True,False,0,1,True,True,False,True,0,,False,False,0.0,False,0,0,0,1,10541.9,169
local195,B_sqlite,sqlite-sakila,sqlite_stub_dir_present,sqlite,C0_anchor,execute,True,True,True,0,0,True,True,True,False,0,OperationalError,False,False,0.0,False,0,0,0,1,7609.47,121
local196,B_sqlite,sqlite-sakila,sqlite_stub_dir_present,sqlite,C0_anchor,execute,True,True,True,0,0,True,True,True,True,0,,False,False,0.0,False,0,0,0,1,8546.34,136
local197,B_sqlite,sqlite-sakila,sqlite_stub_dir_present,sqlite,C0_anchor,execute,True,True,False,0,1,True,True,False,True,0,,False,False,0.0,False,0,0,0,1,8796.27,140
local199,B_sqlite,sqlite-sakila,sqlite_stub_dir_present,sqlite,C0_anchor,execute,True,True,False,0,3,True,True,False,True,3,,False,False,0.0,False,0,0,0,1,7344.43,116
local201,B_sqlite,modern_data,sqlite_stub_dir_present,sqlite,C0_anchor,execute,True,True,True,0,0,False,True,False,True,0,,False,False,0.0,False,0,0,0,1,3397.54,53
local202,B_sqlite,city_legislation,sqlite_stub_dir_present,sqlite,C0_anchor,execute,True,True,False,0,1,True,True,True,False,0,OperationalError,False,False,0.0,False,0,0,0,1,8660.94,138
local209,B_sqlite,delivery_center,sqlite_stub_dir_present,sqlite,C0_anchor,execute,True,True,False,0,1,True,True,False,True,0,,False,False,0.0,False,0,0,0,1,8817.45,142
local210,B_sqlite,delivery_center,sqlite_stub_dir_present,sqlite,C0_anchor,execute,True,True,True,0,0,True,True,False,True,0,,False,False,0.0,False,0,0,0,1,11486.38,186
local212,B_sqlite,delivery_center,sqlite_stub_dir_present,sqlite,C0_anchor,execute,True,True,False,0,1,True,True,False,True,0,,False,False,0.0,False,0,0,0,1,3320.98,52
local218,B_sqlite,EU_soccer,sqlite_stub_dir_present,sqlite,C0_anchor,execute,True,True,False,0,3,False,True,True,True,1,,False,False,0.0,False,0,0,0,1,4807.12,74
local219,B_sqlite,EU_soccer,sqlite_stub_dir_present,sqlite,C0_anchor,execute,True,True,False,0,2,True,True,True,False,0,OperationalError,False,False,0.0,False,0,0,0,1,14159.82,227
local221,B_sqlite,EU_soccer,sqlite_stub_dir_present,sqlite,C0_anchor,execute,True,True,False,0,1,True,True,False,True,0,,False,False,0.0,False,0,0,0,1,7540.4,119
local220,B_sqlite,EU_soccer,sqlite_stub_dir_present,sqlite,C0_anchor,execute,True,True,False,0,2,True,True,False,True,0,,False,False,0.0,False,0,0,0,1,9693.51,154
local228,B_sqlite,IPL,sqlite_stub_dir_present,sqlite,C0_anchor,execute,True,True,False,2,2,True,True,False,False,0,OperationalError,False,False,0.0,False,0,0,0,1,22446.88,367
local229,B_sqlite,IPL,sqlite_stub_dir_present,sqlite,C0_anchor,execute,True,True,False,0,1,True,True,False,False,0,OperationalError,False,False,0.0,False,0,0,0,1,13502.6,220
local244,B_sqlite,music,sqlite_stub_dir_present,sqlite,C0_anchor,execute,True,True,False,0,1,True,True,False,False,0,OperationalError,False,False,0.0,False,0,0,0,1,8584.18,138
local253,B_sqlite,education_business,sqlite_stub_dir_present,sqlite,C0_anchor,execute,True,True,False,4,4,True,True,False,False,0,OperationalError,False,False,0.0,False,0,0,0,1,16563.12,268
local258,B_sqlite,IPL,sqlite_stub_dir_present,sqlite,C0_anchor,execute,True,True,True,0,0,True,True,True,False,0,OperationalError,False,False,0.0,False,0,0,0,1,16755.84,272
local259,B_sqlite,IPL,sqlite_stub_dir_present,sqlite,C0_anchor,execute,True,True,True,0,0,True,True,False,False,0,OperationalError,False,False,0.0,False,0,0,0,1,29452.03,480
local262,B_sqlite,stacking,sqlite_stub_dir_present,sqlite,C0_anchor,execute,True,True,True,0,0,True,True,True,False,0,OperationalError,False,False,0.0,False,0,0,0,1,6295.27,102
local263,B_sqlite,stacking,sqlite_stub_dir_present,sqlite,C0_anchor,execute,True,True,False,2,1,True,True,True,True,0,,False,False,0.0,False,0,0,0,1,23601.06,386
local264,B_sqlite,stacking,sqlite_stub_dir_present,sqlite,C0_anchor,execute,True,True,False,0,1,False,True,True,True,1,,False,False,0.0,False,0,0,0,1,3525.37,56
local269,B_sqlite,oracle_sql,sqlite_stub_dir_present,sqlite,C0_anchor,execute,True,True,True,0,0,False,False,True,True,1,,False,False,0.0,False,0,0,0,1,3872.45,63
local270,B_sqlite,oracle_sql,sqlite_stub_dir_present,sqlite,C0_anchor,execute,True,True,False,0,1,True,True,False,True,0,,False,False,0.0,False,0,0,0,1,5026.55,82
local272,B_sqlite,oracle_sql,sqlite_stub_dir_present,sqlite,C0_anchor,execute,True,True,True,0,0,True,True,False,False,0,OperationalError,False,False,0.0,False,0,0,0,1,10170.66,166
local273,B_sqlite,oracle_sql,sqlite_stub_dir_present,sqlite,C0_anchor,execute,True,True,True,0,0,True,True,False,False,0,OperationalError,False,False,0.0,False,0,0,0,1,6974.3,114
local274,B_sqlite,oracle_sql,sqlite_stub_dir_present,sqlite,C0_anchor,execute,True,True,True,0,0,True,True,False,True,0,,False,False,0.0,False,0,0,0,1,3278.15,53
local275,B_sqlite,oracle_sql,sqlite_stub_dir_present,sqlite,C0_anchor,execute,True,True,True,0,0,True,True,True,False,0,OperationalError,False,False,0.0,False,0,0,0,1,7361.93,119
local277,B_sqlite,oracle_sql,sqlite_stub_dir_present,sqlite,C0_anchor,execute,True,True,False,0,3,True,False,True,False,0,OperationalError,False,False,0.0,False,0,0,0,1,10939.48,178
local279,B_sqlite,oracle_sql,sqlite_stub_dir_present,sqlite,C0_anchor,dry_run,False,True,False,0,0,False,False,False,False,0,ParseError,False,False,0.0,False,0,0,0,1,29428.58,483
local283,B_sqlite,EU_soccer,sqlite_stub_dir_present,sqlite,C0_anchor,execute,True,True,False,0,1,True,True,True,False,0,OperationalError,False,False,0.0,False,0,0,0,1,17162.89,276
local284,B_sqlite,bank_sales_trading,sqlite_stub_dir_present,sqlite,C0_anchor,dry_run,False,True,False,0,0,False,False,False,False,0,ParseError,False,False,0.0,False,0,0,0,1,13983.53,226
local285,B_sqlite,bank_sales_trading,sqlite_stub_dir_present,sqlite,C0_anchor,dry_run,False,True,False,0,0,False,False,False,False,0,ParseError,False,False,0.0,False,0,0,0,1,24395.15,396
local286,B_sqlite,electronic_sales,sqlite_stub_dir_present,sqlite,C0_anchor,execute,True,True,False,0,1,True,True,True,False,0,OperationalError,False,False,0.0,False,0,0,0,1,13828.23,225
local301,B_sqlite,bank_sales_trading,sqlite_stub_dir_present,sqlite,C0_anchor,execute,True,True,False,0,1,False,True,False,False,0,OperationalError,False,False,0.0,False,0,0,0,1,11371.88,183
local302,B_sqlite,bank_sales_trading,sqlite_stub_dir_present,sqlite,C0_anchor,execute,True,True,False,2,3,False,True,False,False,0,OperationalError,False,False,0.0,False,0,0,0,1,17969.99,291
local329,B_sqlite,log,sqlite_stub_dir_present,sqlite,C0_anchor,execute,True,True,True,0,0,True,False,False,True,1,,False,False,0.0,False,0,0,0,1,3732.08,57
local330,B_sqlite,log,sqlite_stub_dir_present,sqlite,C0_anchor,execute,True,True,True,0,0,False,True,True,True,1,,False,False,0.0,False,0,0,0,1,3513.6,53
local331,B_sqlite,log,sqlite_stub_dir_present,sqlite,C0_anchor,execute,True,True,False,0,1,True,True,False,False,0,OperationalError,False,False,0.0,False,0,0,0,1,4896.54,76
local358,B_sqlite,log,sqlite_stub_dir_present,sqlite,C0_anchor,execute,True,True,False,0,1,False,True,False,True,2,,False,False,0.0,False,0,0,0,1,9549.68,152
local360,B_sqlite,log,sqlite_stub_dir_present,sqlite,C0_anchor,execute,True,True,False,0,3,False,True,True,True,0,,False,False,0.0,False,0,0,0,1,12579.13,201
local344,B_sqlite,f1,sqlite_stub_dir_present,sqlite,C0_anchor,execute,True,True,False,0,1,True,True,False,True,0,,False,False,0.0,False,0,0,0,1,8608.46,138
local336,B_sqlite,f1,sqlite_stub_dir_present,sqlite,C0_anchor,execute,True,True,True,0,0,True,False,False,True,1,,False,False,0.0,False,0,0,0,1,13022.3,210
local335,B_sqlite,f1,sqlite_stub_dir_present,sqlite,C0_anchor,execute,True,True,True,0,0,True,True,False,False,0,OperationalError,False,False,0.0,False,0,0,0,1,6195.5,99
local309,B_sqlite,f1,sqlite_stub_dir_present,sqlite,C0_anchor,execute,True,True,True,0,0,True,True,False,False,0,OperationalError,False,False,0.0,False,0,0,0,1,8992.24,146
local310,B_sqlite,f1,sqlite_stub_dir_present,sqlite,C0_anchor,execute,True,True,False,0,1,True,True,False,False,0,OperationalError,False,False,0.0,False,0,0,0,1,5973.98,95
local311,B_sqlite,f1,sqlite_stub_dir_present,sqlite,C0_anchor,execute,True,True,True,0,0,True,False,False,False,0,OperationalError,False,False,0.0,False,0,0,0,1,4700.94,74
local354,B_sqlite,f1,sqlite_stub_dir_present,sqlite,C0_anchor,execute,True,True,True,0,0,True,True,True,False,0,OperationalError,False,False,0.0,False,0,0,0,1,8943.6,145
local355,B_sqlite,f1,sqlite_stub_dir_present,sqlite,C0_anchor,execute,True,True,False,0,2,True,False,True,False,0,OperationalError,False,False,0.0,False,0,0,0,1,10662.89,172
local356,B_sqlite,f1,sqlite_stub_dir_present,sqlite,C0_anchor,execute,True,True,False,2,1,True,False,True,False,0,OperationalError,False,False,0.0,False,0,0,0,1,4410.9,70
sf001,A_sf,GLOBAL_WEATHER__CLIMATE_DATA_FOR_BI,blocked_snowflake_no_creds,snowflake,,blocked_snowflake,,False,,,,,,,,,blocked,False,False,,,,,,,,
sf003,A_sf,GLOBAL_GOVERNMENT,blocked_snowflake_no_creds,snowflake,,blocked_snowflake,,False,,,,,,,,,blocked,False,False,,,,,,,,
sf002,A_sf,FINANCE__ECONOMICS,blocked_snowflake_no_creds,snowflake,,blocked_snowflake,,False,,,,,,,,,blocked,False,False,,,,,,,,
sf044,A_sf,FINANCE__ECONOMICS,blocked_snowflake_no_creds,snowflake,,blocked_snowflake,,False,,,,,,,,,blocked,False,False,,,,,,,,
sf006,A_sf,FINANCE__ECONOMICS,blocked_snowflake_no_creds,snowflake,,blocked_snowflake,,False,,,,,,,,,blocked,False,False,,,,,,,,
sf008,A_sf,US_REAL_ESTATE,blocked_snowflake_no_creds,snowflake,,blocked_snowflake,,False,,,,,,,,,blocked,False,False,,,,,,,,
sf010,A_sf,US_REAL_ESTATE,blocked_snowflake_no_creds,snowflake,,blocked_snowflake,,False,,,,,,,,,blocked,False,False,,,,,,,,
sf037,A_sf,US_REAL_ESTATE,blocked_snowflake_no_creds,snowflake,,blocked_snowflake,,False,,,,,,,,,blocked,False,False,,,,,,,,
sf012,A_sf,WEATHER__ENVIRONMENT,blocked_snowflake_no_creds,snowflake,,blocked_snowflake,,False,,,,,,,,,blocked,False,False,,,,,,,,
sf018,A_sf,BRAZE_USER_EVENT_DEMO_DATASET,blocked_snowflake_no_creds,snowflake,,blocked_snowflake,,False,,,,,,,,,blocked,False,False,,,,,,,,
sf035,A_sf,BRAZE_USER_EVENT_DEMO_DATASET,blocked_snowflake_no_creds,snowflake,,blocked_snowflake,,False,,,,,,,,,blocked,False,False,,,,,,,,
sf029,A_sf,AMAZON_VENDOR_ANALYTICS__SAMPLE_DATASET,blocked_snowflake_no_creds,snowflake,,blocked_snowflake,,False,,,,,,,,,blocked,False,False,,,,,,,,
sf040,A_sf,US_ADDRESSES__POI,blocked_snowflake_no_creds,snowflake,,blocked_snowflake,,False,,,,,,,,,blocked,False,False,,,,,,,,
sf009,A_sf,NETHERLANDS_OPEN_MAP_DATA,blocked_snowflake_no_creds,snowflake,,blocked_snowflake,,False,,,,,,,,,blocked,False,False,,,,,,,,
sf013,A_sf,NETHERLANDS_OPEN_MAP_DATA,blocked_snowflake_no_creds,snowflake,,blocked_snowflake,,False,,,,,,,,,blocked,False,False,,,,,,,,
sf041,A_sf,YES_ENERGY__SAMPLE_DATA,blocked_snowflake_no_creds,snowflake,,blocked_snowflake,,False,,,,,,,,,blocked,False,False,,,,,,,,
sf011,A_sf,CENSUS_GALAXY__ZIP_CODE_TO_BLOCK_GROUP_SAMPLE,blocked_snowflake_no_creds,snowflake,,blocked_snowflake,,False,,,,,,,,,blocked,False,False,,,,,,,,
sf014,A_sf,CENSUS_GALAXY__AIML_MODEL_DATA_ENRICHMENT_SAMPLE,blocked_snowflake_no_creds,snowflake,,blocked_snowflake,,False,,,,,,,,,blocked,False,False,,,,,,,,
